photoid,privacy
51027421626,0
50668571902,0
51196330717,0
51192228348,0
51040407237,0
51040401387,0
49417212547,0
51040313781,0
51022451226,0
50825460172,0
50642652537,0
50588971842,0
50580400401,0
51154953582,0
51155648228,0
51108928986,1
51109698845,0
50973772838,1
50938973658,0
50846020471,0
50631960718,0
51086426387,0
51021611511,0
50617176457,0
50335942043,0
50145850126,1
50099961452,0
49923517637,0
49905114963,0
49905929452,0
51104968215,0
50336607573,0
49992265836,0
49913418778,0
51040493837,0
51031727356,0
50101843748,0
49582568146,0
49626938928,0
49406198818,0
48811768201,1
51220313529,1
51218830362,1
51217425968,0
51195784453,1
51148580527,1
51127456957,1
51126884607,1
50115884736,1
50042443366,0
48845932932,1
48845898692,1
51091252613,1
50241073586,1
50164729603,0
49706236122,0
48980973777,1
49169022356,0
49881113077,1
49197515182,1
48919251336,1
51151343806,1
51151575808,1
50961680523,1
50733536751,1
49533166437,1
50439365711,0
50053873898,1
49813484087,1
49208892581,0
48096666681,0
50649217302,0
49600268281,0
49462787413,0
49650029562,0
51173090436,0
51166208798,1
51105527743,1
51129598749,0
50517773252,0
49811494876,0
49233614702,0
48548126376,0
41918373564,0
24977242588,0
25357659061,0
20301542751,0
46874275674,0
30994297922,1
25960313705,0
36413993026,0
45883473932,1
28366509419,1
23946360182,1
14941151912,1
44671819342,1
25280720980,1
23104286182,1
27205897643,0
49902491112,0
48871506383,0
48453027007,0
44038543455,0
38338648121,0
49207565456,0
49897969782,0
51220518052,0
51219005019,0
50784571837,1
49955320148,0
49955319938,0
49853325052,0
50707105131,0
50552832922,0
46773118132,0
15439514642,0
44185555380,0
41714864791,0
41675084222,0
40234666800,0
36819065315,1
49427635726,1
45031703755,0
30157966072,0
50181740552,1
48122366418,1
50890007876,0
49004038176,0
23040264099,0
8733574756,0
18323439904,1
35090678564,0
34803704824,0
8159527543,0
49678384373,1
47209673422,0
38035382181,0
36450149466,0
33844699648,1
35472834501,0
22376444929,0
19911347628,0
20302759478,0
17627310650,1
31971855693,1
50162215323,1
49812225812,1
51222544608,0
49043789326,0
50790221461,0
50337455337,1
49487981023,0
50790424133,0
49678139991,1
51055184267,0
50681797287,0
51167751841,0
50760628788,0
50822948041,0
49653708803,0
49614375688,0
48229558251,0
50670111431,0
50583786022,0
49627844133,0
51160549674,0
50391576143,0
51003267921,0
50647250077,0
49733027683,0
50709814253,0
50586275237,0
48896179206,0
51101567465,0
51053512102,0
50578774053,1
35531291932,0
31603000884,0
32763406882,0
22294796839,0
47994787883,0
30567556506,0
33196069693,0
28355014131,0
31453536131,0
13369973975,0
11953603314,0
24810963147,0
27151783846,0
28690329184,0
29079811162,0
12440677063,0
17052118489,0
39840340554,0
27165831200,0
6981316248,0
31232649528,0
44290711562,0
40752856062,0
34070088986,0
33118360943,0
24226663453,0
24243796611,0
26541251108,0
38447369670,1
40184574992,1
34180726256,0
28221659253,0
26388255387,0
33543881160,0
39006564590,0
34716461715,0
26724433479,1
46919540005,0
33457719601,0
31494630003,0
28508229065,0
26998923394,0
45439691344,0
28970552177,0
41146295185,0
51070124736,1
50706254646,0
50396615832,0
51016271705,1
51007981507,1
26980459238,0
10314623056,1
6736745931,0
22870805544,0
49568992086,0
33310466438,0
33230171512,0
49070616103,0
46609922102,0
50250920656,0
32057485588,0
49053190282,1
23262744754,0
48913433263,0
24357666745,0
32718436026,0
14367475843,1
50124428886,0
50509345786,0
50386383908,0
50044229352,0
50526055381,0
51195595267,0
50823241668,0
50693763426,0
49939923766,0
50413370032,0
50433457031,0
49923012311,0
49112194411,1
51053192537,0
50967431731,0
50819199927,0
50644371283,0
51073148733,0
50838886142,0
50825221757,0
50324525536,0
49816680501,0
49421693572,0
51152578383,0
51106536812,0
50834200797,0
49764980477,0
50980394982,0
48151188547,0
50993219356,1
50583419533,1
49744789337,1
49256788156,0
50640785682,0
48868270908,0
50851538442,0
50832672132,0
50990296206,0
48297506702,0
48366306577,0
51217021707,0
50575806818,0
49631023682,0
46458937701,0
36796777303,0
34784861770,0
32523558176,0
29703945961,0
42295842374,0
34568918290,0
15294513749,0
46273287642,0
7666864934,0
31582618574,0
15916428994,0
33991428103,0
42522056904,0
18685120339,0
15667929129,0
42354094751,0
38291879926,0
40281840073,0
45824464205,0
43721101090,0
25901413908,0
15417149783,0
35491572924,0
38456868740,0
36460515786,0
29949433422,0
6815343423,0
39995883673,0
34670550452,0
16490035671,0
29848851937,1
42970434770,0
23779198560,0
27377926339,0
40161528611,0
27114337716,0
12114524526,0
30426694404,0
49742338021,0
38253617662,0
31568367072,0
27486723564,0
12066664226,0
41840088570,0
42889920855,0
35266296484,0
33622921595,0
25984622864,1
33225983871,0
29140663585,0
27405635422,0
22837009377,0
22292625866,1
24335312310,1
9047120889,0
47477565991,0
37206565456,0
5804929580,0
36828134633,0
31362803212,1
31391382271,1
47347015772,0
47201027762,0
42398919812,0
40970555915,0
27361965226,0
50681757511,0
38498295836,0
26232663129,0
16179827890,0
30199058636,0
30304344765,0
28649235551,0
21468828681,0
36501326390,0
42289668785,0
39043996484,1
48553225937,0
49389809923,1
50430590231,0
50422867606,0
50258760413,0
50210430012,0
50139800202,0
51118889927,0
51055708528,0
50917857938,0
50839190556,0
50678363463,0
49848904873,0
49848193028,0
49760843761,0
49655917207,0
49620390941,0
49831352742,0
49245588603,0
48840423598,0
48723842557,0
48654640183,0
46756094782,0
46808643911,0
39729768833,0
46694611721,0
43175406362,0
43841829041,0
40911376430,0
38975118951,0
38219514854,0
26679602789,0
37118180351,0
27156811079,0
33501212421,0
31691774252,0
30261046665,0
33160118765,0
26672478111,0
26466033210,0
26402696120,0
24545181285,0
24179576060,0
26132826074,0
24854745500,0
24583302419,0
24252579644,0
22441855316,0
18620192772,0
15347553226,1
15511787012,0
14649228106,0
50956154752,0
49894328062,0
48651702718,0
48534614081,0
49997867437,0
48536115706,0
48277588241,0
48261306677,0
47985060603,0
44532427535,0
34931349934,0
28246744067,0
40716296105,0
33716042725,0
31702317446,1
34250182935,0
33913557121,0
33423756545,0
31301522974,0
27629093726,0
29713447491,0
28986729862,0
28986725082,0
27009026503,0
16425410043,0
16600310959,1
15114346880,0
7365354944,0
6759782515,0
8022656131,0
6916247106,0
31787185887,0
32322708707,0
49959626682,0
35706998084,1
32547226621,0
50264829283,1
50251071047,1
43166397360,0
35371853444,0
35585691281,0
36566877716,1
31540749992,0
32883010970,0
22092641364,1
18006181261,0
49143442963,0
51004943950,1
42489386520,0
40549550224,0
39183593171,1
39673549730,0
35483161205,0
33799573381,1
33888216846,1
33310296571,1
30164297830,0
49054223911,1
49053671843,0
46719586765,0
34380209341,0
33347345375,0
22276276238,0
14406533013,0
29019921307,1
28785914514,1
20225742405,0
40795084473,1
27594467560,1
27983592882,1
19152683249,0
18629846584,1
50755588156,1
50382408266,1
38504757935,1
31746040307,0
21834543029,0
28180070674,0
49858298031,1
33864247498,1
50002436286,0
40380378193,1
47646842682,1
46972113114,0
40210884560,0
50710967613,1
32344659441,0
22567466373,1
35057839696,0
51074810623,0
47929886491,0
34477757640,0
8131694027,0
7693182858,0
19229891254,0
8092378840,0
8194125082,0
7558203956,0
49177076143,1
23759443370,0
23724409710,0
23759611862,1
51024111158,1
50590269467,1
50046870268,1
49816360332,1
48428267652,1
48428260437,1
48428241577,1
50521647861,1
42881492954,1
42716064614,1
43274410102,1
26330781725,1
47206562942,1
49452663127,1
49364614528,1
46303202324,1
49235257452,1
40536853383,1
48723865916,1
38626210122,0
26553692204,0
22708604903,0
49040118511,1
29950366751,0
49726347462,1
49960296276,1
51205592180,0
50914099198,0
50867753461,0
48988577721,0
46764481872,0
42757912392,0
42481762952,0
33028875292,0
32214414401,1
24592369751,0
24426696725,0
23216475155,0
32941322558,0
46021792514,0
14964111740,1
50680450017,1
49309408667,1
50892521992,1
28406417529,1
9970181596,1
48163063556,1
48163136482,1
24445160773,0
27809835925,1
20586941922,0
50906124727,1
51168506319,1
51138471410,1
51121577019,1
50976382291,1
50565551803,1
49739901187,0
48681018358,1
50687529118,1
49855621017,1
49674133071,1
34389291411,1
31790701794,1
49799780782,1
51223354441,1
51222462727,1
51222307818,1
51220605644,1
51216691422,1
51217342135,1
51215406592,1
51215636004,1
51215879160,1
51214545194,1
51212534172,1
51208220389,1
51206237447,1
51207503350,1
51207023269,1
51213903100,1
51207272588,1
51206628381,1
51200767944,1
51196469259,1
51195491191,1
51196234590,1
51194409877,1
51194357287,1
51195240393,1
51194229332,1
51196082177,1
51194411986,1
51190479497,1
51188588842,1
51186652629,1
51185591566,1
51184872268,1
51182461253,0
51179245048,1
51180089300,1
51176939116,1
51176333891,1
51185086631,1
51185473279,1
51183780498,1
51177087920,1
51177423067,0
51177007094,1
51170029656,1
51163365620,1
51161356477,1
51153099656,1
51153494264,1
51163653318,1
51163514275,1
51160084130,0
51148525337,0
51146869213,1
51215736072,0
51215677107,1
51221850897,1
50524769572,1
48995722006,1
50087854597,0
30056408357,0
37646644900,0
34544328160,1
31965694125,0
30182168074,0
24611022723,0
36541896415,1
17194120850,0
45306021232,0
47949914907,0
43902369731,1
38912104285,0
36496165006,1
33027138964,0
31046521675,1
31945610492,0
51185797336,1
20096460520,0
32214599440,0
21417297719,1
31511222608,1
48932940127,1
48012452266,1
30691349746,1
31525050605,1
50816041278,1
49949047892,1
18379700143,1
50006170651,0
32730722334,0
50354675396,1
40473610133,0
24227930095,0
50429894888,1
50430763032,1
45383999144,0
39444806610,1
39329947945,0
23619514389,0
20464604510,0
20625704296,0
19065176403,0
19657862166,0
48887362451,1
50239250457,0
49881333996,1
41285453491,1
50937818873,1
50053872288,1
50014415133,1
49888214437,1
49788840961,1
49401874428,1
49391854581,1
49391379283,1
49267596817,1
49253562541,1
50938395121,1
49887141013,1
49427313387,1
49382752703,1
49383192966,1
49253088848,1
43103754354,1
36955230200,0
28723418778,0
33264410893,0
50792310463,1
49454193498,0
49589378573,0
9596181418,1
9740991095,0
9526089958,1
4661621916,1
50423788011,1
41942617861,1
33768086463,1
51179000294,1
50719961162,0
50702625157,0
50619335532,0
51008763677,1
49734198531,1
45812476172,0
45606949562,0
42923725030,0
42831066782,0
39635196784,1
36441948645,1
35552192262,1
51137546112,0
51202653241,0
51220103738,0
32804131677,0
51210278999,0
33034512563,1
1107877214,0
29005098780,1
26721297446,1
25306208265,0
15298210728,1
14845540667,1
14870142403,1
16499476019,1
400304837,1
15011287903,1
14369973065,0
13453608724,1
12598646743,0
12411749784,0
9409361310,1
9630291979,0
9408670524,0
8314735181,1
8008166770,0
7711391834,0
7535158058,1
6976503800,0
6312222472,1
6569467063,0
6292229892,1
51115198310,1
50766720316,0
50188252662,0
49484262636,0
48944443883,1
49846704052,0
49845858543,0
48905545677,0
45258644934,1
45786759631,1
29443193538,1
29710697478,1
39571714202,0
49724024257,0
49984730202,1
50940336473,0
9413232234,1
49453733688,0
13672383333,1
49498003346,1
27561968957,1
46525930435,1
50623956287,1
42369334385,1
6602718909,1
48626363836,1
50637157802,1
9406610269,1
46808465471,1
40162765673,1
50622754803,1
45655448262,0
42370151822,1
41264290924,1
51199582714,1
49945892092,0
47092538302,0
51069294227,1
48520187361,1
51211999020,0
47793812232,1
48939640116,0
50872342917,0
50236013562,1
48853108473,1
47706180152,1
44895083015,1
30701382737,1
38419329070,1
37054161655,0
19724539822,1
18217439913,0
16537170125,1
8696533503,1
6884227888,1
51154043675,1
48364825076,1
44239019952,1
50859488138,1
50136231558,1
50839548572,1
50260137326,0
42982682412,0
48750643768,1
48807213638,0
47958656882,0
6202617472,1
50933761888,1
47755019692,1
50643319642,0
50902674093,1
51004274537,0
38138998822,1
50698332486,1
51011794761,1
6347823269,1
5839903420,0
40293308233,1
51129939959,1
50648311546,1
49909981567,1
51104377090,0
51103144922,1
51104485147,1
51100392256,1
51101506120,1
51101020253,1
30256047788,1
51147977880,1
50827178976,0
50623800802,1
49914721086,1
49862319207,1
49411440927,1
44824987304,1
39880840563,0
42991279530,1
42178774044,1
44426095152,1
24214797117,1
36934030552,1
35825962225,1
51002711148,0
40420946962,0
27923336752,0
26425388235,1
15330478694,1
14574453593,1
8738044066,1
8403429148,1
8268846240,1
8138273072,1
8027380146,0
6883684154,1
7012236739,1
6788232649,1
51177273764,0
51164731925,0
49822821691,1
49534586968,1
49874546893,1
48139515721,1
48068746878,0
33987017538,1
48274968952,0
33936770758,1
40617923773,1
40617917573,1
32528649867,1
44782215775,1
43988751771,0
28227036007,0
43091826081,0
39313112805,0
39140180545,0
37920441314,1
39695040632,0
50296257242,0
50365047616,1
48036483782,0
46435746302,0
45353488405,0
43536969902,1
50628585393,1
50469475563,1
46260703434,0
27827190585,1
46386885534,0
51206829988,0
51073696256,0
50940530117,0
50680790197,0
50814629298,1
50811998572,0
50493438431,1
50582412136,0
49499794067,0
49436630002,0
49091676607,0
48822764183,0
48807457993,0
48992911037,0
48976833287,0
48806545408,0
48573796791,1
48493223562,0
48356624182,0
48249223986,0
48211993481,0
48121341386,0
48121346031,0
47942432382,0
46849134635,0
32762879397,1
45684071424,0
31420794917,0
32390511138,1
30623834894,0
32470430888,0
32168544258,0
44144420620,0
32018829978,0
31908879318,0
44440040084,0
44417479892,0
42577798524,0
42458747195,0
43034818072,1
28872213968,0
42334006891,0
28235350268,0
50940533187,0
50735788662,1
49661635172,0
32255555968,1
51042757928,0
50706240353,1
50544532067,1
47963254713,0
47739388992,0
31716690538,0
28138249527,0
37998325645,0
25227797907,0
39032207312,0
26554378869,0
36978205504,0
9959552964,1
36594072421,0
34089852554,0
35755750896,0
31836688715,0
33294749293,0
32327129616,0
31776957551,0
31743085055,0
31482214912,0
30656429286,1
30580476686,0
29204742303,1
29251223216,0
24136609566,0
22105675141,0
20840465055,0
20388086706,0
18974995108,0
24291922016,1
16947324938,1
16543102988,1
17529596753,0
17793154342,0
17470716455,0
17184028247,0
44404735870,0
51036937157,1
51001159432,0
50299919688,0
50222471217,0
50239837968,1
50233906187,0
49696795478,0
49689764352,0
49596725377,0
49595416273,0
49445834937,1
49295979826,0
49303264367,0
49247393382,1
49227851512,1
49222777188,0
49221700803,0
49090028696,0
48972204497,0
48937060586,0
48835351061,1
48408144591,0
48956148536,0
48541282532,0
48458366736,0
48407082771,1
48067203823,0
48067155676,0
48067179153,0
47940974256,0
14604983614,0
47306599812,0
33861384998,0
40771782813,0
47706678661,0
33829244758,0
33829020198,0
50960121207,0
51048838877,1
50409819576,0
50355976017,0
50195548141,0
48390231211,0
48390226556,0
49566600273,0
49532145271,0
49475832391,0
49179385591,0
49179588457,0
48745631107,1
48017515952,0
47954221512,0
33641396548,0
46602448125,0
40551806673,0
33496136408,0
29322942278,0
29094678327,1
43175370634,1
42043824860,0
41560824882,0
41333709141,1
39165436750,0
36466892343,0
36107256184,1
24235651167,1
39047435391,0
37924633122,0
37857092972,0
37457508882,0
35621413654,0
36304212095,0
35191291294,0
35578861822,1
35391849521,0
34942028880,0
32941763641,0
31245248473,1
31375082020,0
31794048035,0
29316651356,0
29239866272,0
29821354562,0
29291631755,0
28485265004,0
29037275735,0
27451244231,0
27527462961,0
26953339284,0
27421039261,0
25059172872,0
24281845263,0
21902623100,0
21664331398,0
21752751746,0
21385376569,0
48113525423,0
48950653533,0
49693850126,0
49362951436,1
51188052079,0
49363160497,0
47940539996,0
9377525705,1
42450089715,1
50126630601,0
39960137663,0
17245119429,1
26588191489,1
16685915265,0
26632640842,1
48591188736,1
51047949091,1
50272743572,1
17071115109,0
15159755599,1
7884365214,1
49768589463,1
43781411011,1
48727247612,1
26653886219,0
38770899314,1
49455863172,0
45636741694,0
41898164720,1
33789848488,0
47949954143,0
28794821837,0
50344250687,0
47256848962,1
50973530438,1
48151157501,1
48032307218,1
36511196110,1
6372989747,1
32048949887,1
50306571368,1
51116963095,0
40153790512,0
38727234121,1
15580019016,1
49254981707,0
37699718624,0
32233358891,0
50331708516,1
50443983881,1
50732593907,0
50877951613,0
44952882275,0
7785220620,0
48131250578,0
8940823776,0
50812077091,0
23067749159,0
30223817487,1
27521373837,1
50852809662,1
50291578341,1
51223427018,1
47100329641,1
45388381341,0
6934737332,1
48645858792,0
47931794533,0
43460108594,1
43279077224,1
28521172527,0
39883396824,0
37117231835,0
23439164729,0
25679660411,1
7595112978,0
50636438787,0
48237938662,0
46581010222,0
49648750937,0
7435119538,1
33825685308,1
16203787686,1
46453079662,0
51009019305,0
49957723326,0
48773441888,0
50194340677,0
49079840642,0
35675097383,0
35675158303,0
51173766897,0
6512135073,0
51070955126,0
35657078586,0
34771361756,1
19175598682,1
50746404668,1
50379196032,0
50685965941,0
50640513961,0
50639752648,0
50393274478,1
50257703416,1
49021474462,0
49913740087,1
47400057701,1
33646353778,0
46559947024,1
45508327142,1
45966535792,0
38094710384,0
33789231153,0
51091001291,0
50281456631,0
49766272602,1
34347189623,0
34217397063,0
34671195751,0
27218828183,0
28316056703,1
26950946876,0
20526772910,1
16600940879,1
9232952752,1
9344568734,1
8925506040,1
9084216156,1
9526764192,1
8292530007,0
7293879756,0
7293879000,0
7997025489,0
7596329288,1
7574649130,1
6958180263,1
6907738377,0
6363331651,0
51004940510,0
50899270707,0
48952464257,0
48667421893,0
47829855381,1
32941305338,1
32621187908,1
45565841411,1
33516573588,0
46183756295,1
32278729258,1
42608303090,0
42026678884,1
27872764567,1
42564808621,1
40243630161,0
24006610528,1
38819998801,0
50097771976,1
49980574893,1
50899017107,0
51151237004,0
49977706536,0
48715639858,1
46494463511,1
44504702520,0
43927814852,0
50258010293,1
50202695568,0
41353930220,0
16328099791,1
29933923031,0
32757277147,0
50654340478,1
9344599568,1
46705517114,1
50815327621,1
49067834937,1
51099370963,1
49043493888,1
51098456912,1
50907932918,1
49136867567,1
51098132516,1
39656722593,1
39656723253,1
49336863446,1
40758156253,1
42438551940,1
43808152841,1
50602559862,1
50326555623,1
24218464257,1
49601372448,1
49000811747,0
48799922258,1
48689678632,1
49317268018,1
48718330691,1
41708562410,0
13065461395,1
51184372181,1
50637783452,0
49819794882,1
50337196202,1
15414894806,1
5870477263,0
5864309564,0
5864078440,1
38449036925,0
8089601824,0
51066027261,0
50973418011,0
40075482323,1
30127113955,0
50947966128,0
50226497676,1
16222197522,0
47724790011,1
38145496161,1
40135485920,1
26909891319,1
9475484216,1
51116584665,0
42596346414,0
6167297503,0
48777876233,0
46982534885,0
34000111948,0
51143181777,1
50535966581,0
40205512971,0
41773271470,0
50769287478,1
44451406920,0
48242908491,0
50109110692,1
48641332531,1
7669551412,1
49588645468,1
24377348608,1
31100626924,0
51045020882,0
50649921381,0
48895905272,0
48599719512,0
48599704977,0
48585616831,0
47679930921,1
43536817975,0
41871862725,0
50860809241,1
17181772408,0
49906238332,0
36431921125,1
29974239254,0
29323082033,0
18716199918,0
16910493437,0
49906241922,0
51053412671,1
16449198865,0
47369735311,0
50149483046,0
50078544131,0
49796873467,0
40372919604,0
35696243146,0
31896727273,0
31380632373,0
28510168294,1
21968928325,0
30289210623,0
32003577351,0
49650690732,0
50725968278,1
46463212031,0
29989416368,0
41198480050,1
35026512505,1
9091685677,1
7533019476,0
48851445351,1
25630907397,1
40265229971,1
40137181052,1
49333179832,1
32549849567,1
32260001768,1
51009307122,1
49799631503,1
49597953372,0
48820520193,0
49464049121,0
48866249377,0
50937203432,1
50616181178,0
50718728887,0
50674669631,0
49778687326,1
49004650358,0
48656569753,0
47563611491,0
44310743990,0
32047579288,0
45793162702,0
46258532311,0
44153395790,0
30867009207,0
43294752712,0
41151712034,0
27956497028,0
34463927781,0
42592900960,0
45880324075,1
28407355902,1
23220728999,0
14889448135,1
8011286741,0
7781274750,0
6888306887,0
6541083725,1
6212165023,0
5982660659,1
50604394816,0
50676043391,0
48915307187,0
32752939867,0
26321534448,0
25488143658,1
50160049403,0
50078750061,0
50093466537,0
50830464376,0
33563710035,1
37877147742,1
50659022841,0
50573098156,0
49574752972,1
49813916026,0
46090903595,0
50297891486,0
33760698358,0
48316119381,1
50370334316,0
46950221915,0
40274408414,0
5949143077,1
51120798065,0
50690727122,1
49873527533,0
49617123167,0
49833309001,0
48506556017,0
45983204872,1
44758011745,0
50968199361,0
42753474910,0
37152727870,1
49301270148,0
50900588183,1
49167547562,0
48838526067,0
48432187287,1
38657334121,0
23649530048,0
29969614460,0
28828418061,0
50167416381,1
50815404206,1
48822662618,1
9576586963,1
48123135852,0
24648963478,0
49174423498,1
7212585744,0
27157438564,1
38042329106,1
50416170611,0
49941847697,0
34396199746,1
6241169859,1
48023994121,0
6238953828,1
50859947942,1
50806750458,1
51216172251,0
50737482376,1
49747986857,1
49723751212,0
49959947497,0
49821797803,0
49972941572,1
49959947147,0
49857658228,0
34085723764,0
42691949682,1
50692952961,0
49878633033,0
50360841916,1
48865007426,0
47593190541,0
43465987382,1
49243381242,0
43313183070,0
34261735435,1
29775906875,0
17437386213,0
50294668877,0
49061763607,1
48285125276,1
49595624911,0
49171710697,0
50010171247,1
32847378707,0
43727142981,0
24472949229,0
49344956686,0
49895109361,0
50827678286,1
50554037881,1
49698635362,1
48371246381,1
44747649221,0
47448282501,0
46528150911,1
50841168326,1
50837359186,1
50240542296,1
51023002151,0
48969268496,1
46098369074,0
28186418397,0
37068345442,0
27241084973,0
27758301221,0
21326230743,0
49548270343,0
8247570415,1
48268025321,1
41626348254,0
38984044355,0
35181500754,0
34957638104,0
20713391334,0
48942458542,1
27704879201,0
25437032510,0
49879805477,0
29142376978,1
48890943553,0
897433210,1
44401686615,1
35022633274,1
42694581255,1
26791425619,1
44078644235,0
50894090376,0
50308346581,0
49078543562,0
32662868687,0
50630387796,0
50630388056,0
49991213948,0
49665536871,0
49375703638,0
33870179358,0
32526428727,0
49991738851,0
25533415667,0
35433803390,0
44513756764,1
50090345156,1
18195419381,1
49679555358,1
48933348333,0
51006859101,0
50279592517,0
49378805612,0
49671036238,0
49479921208,0
48807847168,0
48756814918,1
49702120456,0
49130609387,0
49078245287,0
47902542831,0
33544565528,0
47128914062,0
32384598698,0
44753323004,0
41391395054,0
40929118045,0
29248486097,0
42918136185,0
41827525581,0
26791267158,0
39145147941,0
26244276179,0
38786171585,0
36223412802,0
35406669680,0
34809334181,0
33458434403,0
51189692298,0
51190287267,0
47982934831,0
34935001864,0
31206317420,0
21617843154,0
20494156259,0
18871513894,1
19052884182,0
16487059683,0
13261104783,0
16162178126,0
13723921445,1
13379064493,0
8703443519,1
9717285295,0
9368748113,0
9239852649,0
9113507114,0
8774357635,0
8730308963,0
9468579831,0
8310671403,0
7704037164,0
7951843070,0
7695587222,0
7673130646,0
7577703972,0
7476965392,0
7223228010,0
7157344726,0
6966428218,0
5973415023,0
6493332527,0
6486716315,0
6442540519,0
6438540339,0
6346623781,0
6347209852,0
6285926806,1
6187297206,0
6065100222,0
5810281679,0
50807822631,0
50218856401,0
50706862616,0
49644314787,0
48642632273,0
49847607083,0
49598278136,0
49293443322,0
48851876636,0
48628819527,0
48181356581,0
48172317857,0
48162725981,0
48027151911,0
47981588441,0
32673708647,0
46544873742,0
45442113235,0
47438037281,0
45156633505,0
43391129560,0
31426834897,0
26881809127,0
39063911494,0
24002323058,0
51179698104,0
50534217756,0
49931685196,0
49994674763,0
50349735993,0
50781505013,0
50584798422,0
49971610523,0
49674616366,0
49723708856,0
49694474043,0
48742352326,0
48161216752,0
33473243798,1
47054001942,0
29072297387,1
42018801490,0
49674074383,0
42603477574,0
20768754894,0
8688671915,0
30307682146,1
50501294791,1
7735411958,1
51056077047,1
51025246938,1
50946646662,1
50815534631,1
50566306887,1
50332155812,1
50248368442,1
50200297068,1
49968922202,1
49513017268,1
49538092308,1
49394597147,1
47963358416,1
40644833663,0
47472235272,1
42464993191,1
50619017222,1
51081906021,1
51113013548,1
50209044043,1
50095370857,1
49471598461,1
49348746668,1
51111208371,1
50265811543,1
48875921716,0
26149054310,1
31239347765,0
26481955111,0
21272674995,0
9615883605,0
10418882135,0
51189168491,1
49149340416,0
48440731656,0
47808682292,0
51211495998,0
50025135401,0
49883079248,0
50024591118,0
49964496143,0
49658858297,0
49658857832,1
49488931736,0
49487991743,0
49488398956,1
49488396556,0
49456505486,1
49346889813,0
49217438012,0
49064582836,0
48946307092,0
49053934191,0
48995386783,0
48995636991,0
33940339288,0
47038019252,0
32111965197,0
46919538425,0
33347886868,1
46459484354,1
46459469184,0
31987033278,0
43507860455,0
27433085927,0
28070425978,0
41038199365,0
51214198733,1
50724063768,0
50061181518,0
50061375397,0
49912750238,0
49858590967,0
50134526073,0
49855823348,0
49768486623,0
49642796471,0
49630221976,0
49628163732,0
49310613782,0
49205659036,0
49035057606,0
48942584661,0
49013660352,0
48920648776,0
48408062166,0
48401871007,0
48310332192,0
48140454022,0
48057632368,0
50814807072,0
51020404503,0
49002932111,0
46500198254,0
41069383782,0
40258221944,0
27903980475,0
8119387893,1
51185793776,1
51142372730,1
51141281261,1
42328503382,1
51047148341,1
49692384517,1
49674856063,1
8965683402,0
50990030146,0
42750168184,1
39098006834,0
36366911486,0
34238035456,0
28997849644,0
29387767741,1
22656304036,0
23852103350,0
8306531766,0
50702813288,0
49982081626,0
49628818141,0
49102174852,0
48899274291,0
48324908876,0
48365537242,0
48357183702,0
48336070156,0
48330768566,1
48154659987,1
48314086716,0
48068679362,0
48020330137,0
47958394791,0
40466989613,0
33683747648,0
47393457241,0
31398198557,0
46978015132,0
47010591011,0
46082907385,0
46930885691,0
46336341601,0
31689876588,0
45848250542,0
44296649624,0
44990546461,1
43355352495,1
42792870454,0
43384415082,1
41431674630,0
28350164097,0
42311257475,0
42797370981,0
50337324236,0
50680496136,0
49923565273,0
50909607258,0
36593376861,0
49523030591,0
49636819318,0
49056700337,0
48949379953,0
50047988548,0
38307780632,0
38307761892,0
8932951688,0
21577722973,0
34555254763,0
22256080235,0
16939813427,0
11968365023,0
10372593424,0
50011501283,0
50294839166,0
49978997292,0
49629358292,0
49053413253,0
15744604791,0
44238414911,0
43295835434,0
40774665412,0
39967223644,0
36782109183,0
36254608322,0
35615242053,0
35181461713,0
35254278692,0
32891207281,0
23611009233,0
22558368066,0
24129532822,0
23047425025,0
22207889401,0
22010670029,0
14922632083,0
15257161367,0
49275551453,0
39493614935,0
36154803225,0
34474967173,0
30487132622,0
24830698890,0
30567552766,0
48729789553,1
48124536163,1
48096107417,0
49068429816,1
50944581651,0
50064338647,0
50042785798,0
49949522733,0
49862088202,0
49753393278,0
49479396847,0
49512928481,0
47894020971,0
46799275695,0
50903355797,0
50988547407,0
50901074711,0
49721681557,0
50151508247,0
50150314186,0
50919944331,0
50720477517,0
34363315393,0
33134212492,0
12875973555,0
51061206816,0
39553975645,1
23220478680,0
39513171324,0
37841723421,0
50034436443,0
51194900603,1
51128575389,1
51127608907,1
51125617317,1
51125589034,1
51125207072,1
50983497913,1
50984250507,1
50983072481,1
50962842527,0
50865835253,1
50746019743,1
50788707282,1
49253049018,1
50441121083,0
17458645140,0
50495487436,0
40365602250,0
35729347802,0
37189519195,0
35060599160,0
34702012636,0
29504536793,0
30051370981,0
21948314494,0
22557332752,0
49256547108,0
49256675577,0
49255553292,0
49118992877,1
48491675901,1
50086707277,0
49999718528,0
50000226216,0
49813863858,0
4007193188,0
51192092998,0
50029612348,0
31835681800,0
51144875683,0
26147376067,0
37241918562,1
28549769602,0
29997954742,0
23712848682,0
22050309261,0
16668784890,0
30382454521,0
17880243729,0
15983540167,0
49041153557,0
26637849560,1
27355611856,0
27255270575,0
27482154916,0
48323349402,0
30617864808,0
25471284837,0
33430801962,0
49714372568,0
47208038992,0
26485081997,0
35901830783,0
22248100420,1
28847344037,0
14640462201,0
41328510695,1
42229507941,0
41263115405,1
50978189948,1
35572285793,0
16014927382,0
14565842375,0
14782066576,0
48980314592,0
51081312567,0
49310512152,0
49504628663,0
49982587397,0
34003847288,0
51216519858,0
51033852708,0
51157997572,0
51158653976,0
50903022083,0
50756447218,0
50712564222,0
50499802867,0
50499601041,0
50439456483,0
50314308962,0
50080926423,0
50149733482,0
50080935703,0
50021119111,0
51034570636,0
9818706974,0
51220575716,0
50170566962,0
49772445762,0
49460643493,1
46130118265,0
50952165128,0
51074512678,0
25040104027,0
25882572920,0
50602943208,0
15571910765,0
50720977912,0
49591674173,0
32495578733,0
26174802602,0
20607040368,0
51078820172,0
50313488087,0
50244075083,0
50012842378,0
51119644432,0
50726807867,1
50722114056,0
50670567373,0
50102402288,0
32983338534,0
50327707642,0
50266861371,0
49902682798,0
48087169946,0
49988203593,1
49552627063,1
50644552866,0
51092529497,0
50012105472,0
48764354536,0
50892491648,0
51048008763,0
50559601428,1
50945096066,0
48977087557,0
51126932141,0
50572670801,0
50364044132,0
49851615152,0
49356881267,0
48774575727,0
47845998711,0
51163820449,0
51141258466,0
50887954247,0
51013142621,0
49345286162,0
45975600242,1
50958254158,0
51111279224,0
50441251438,1
50279691811,0
50083485257,0
50067630953,0
50068416717,0
50067938336,1
49754365762,0
49518662936,0
49332051813,0
48825281488,0
49567713832,1
51130450174,0
51145059717,0
46791449071,1
48872208718,0
15535454480,0
12686028773,0
50827273287,0
49825303946,0
48624649712,0
49949342186,0
49919119893,1
51033364911,0
50294363428,0
47939123996,0
50777926818,0
49582225726,0
14216185757,0
51188048184,0
50869840647,0
50769580373,0
50299258917,0
49836159042,0
50041875716,0
49091196767,0
48001626223,0
46635282865,0
51112148123,0
51048995736,0
50915709123,0
49840298487,0
49839985976,0
48069225628,1
48254146667,0
32665443777,0
51114501095,0
46769823101,0
50071804908,0
23855921670,0
49042435196,0
48206610431,0
48970198383,0
16610879716,1
50405549776,1
35213388136,0
51136656400,0
49933990268,0
51077038977,0
50450071592,0
50358488077,0
50552211077,1
50385441358,0
50317106176,0
50252386276,0
51176711096,0
51141492034,0
49929579032,0
49490311376,0
48576236312,0
49559484121,0
50304578691,0
50300828398,0
31198357427,0
50442651457,0
46922030442,0
44694040665,0
33929871973,0
32970656234,0
25664139195,0
16031949529,0
10690638054,0
12418224255,0
9927124005,0
50443815312,0
49562671803,0
49066071338,0
28619664712,0
51144768831,0
51111216552,0
50814101402,0
50469290021,0
50429860521,0
50198550543,0
49977289346,0
49866131742,0
48609241193,0
51161369542,0
51106246584,0
50926503578,0
50529210578,0
49328474161,0
42994796745,0
50218727316,0
50569717692,0
50678286872,0
51144455776,0
48785590033,0
50627427658,1
49313023217,0
18081272205,0
50744844258,0
50744133851,0
51101694721,0
51174323353,0
51140484151,0
51033280838,0
51013110777,0
50879117423,0
50969655456,0
50918005487,0
50836602751,0
50736552742,0
50559527637,0
50557323651,0
50352632588,0
49997995906,0
50004450737,0
50725637841,0
49640885256,0
49640866506,0
50141550243,0
49904156963,0
48796551561,0
40265781283,0
40978318781,0
32768229687,1
47585679352,0
46554354572,0
45396233834,0
29472906687,0
40477316931,0
38888532944,0
36344541764,0
35148434420,0
35368740926,0
34890369471,0
30367850203,0
28836205304,0
28897813125,1
26253482033,0
26432307632,0
26406918725,0
24188547162,0
20623101052,0
23897810910,0
23978286136,0
23556194920,0
23031295222,0
22994326065,1
20971250112,0
18536320373,1
16660393393,0
16349581554,0
14640691782,0
14608093996,0
14380125321,0
15277247319,0
15277246889,0
15335614845,0
15219709562,0
14973219546,0
14807375137,0
14449866039,0
14618492432,0
14101869909,0
14277577034,0
12682953315,0
11798674006,0
11625507813,0
11625187315,0
11625413253,0
11139575125,0
11117105465,0
10293117336,0
10042822394,0
10979632845,0
10303858646,0
9896368214,0
49251515047,0
49096737831,0
36753767973,0
51113182357,0
51009868988,0
50890600558,0
50845880656,0
50840359997,0
51210979107,0
51201962168,0
51100477715,0
51046926923,0
50790338686,0
50686546773,0
50434235593,0
50429571786,0
50685560238,0
50531690302,0
50233304891,0
50155636377,0
50084652006,1
50320425631,0
50177328192,0
50041121271,0
50023113942,0
49187161658,0
49900666536,0
49568297412,0
49653847553,0
49643682706,0
49590532501,0
49570140981,0
48899430992,0
49332328167,0
49303234463,0
48956012881,0
49165759336,0
49042674122,0
48787842447,0
48199771822,0
48052019921,0
48260358397,0
48090167638,0
48016724232,0
47961007232,0
50855858983,0
51047730686,0
50891281921,1
50762154892,0
51147115026,0
50764511457,0
51132405363,0
51163347159,0
50965755917,0
14903895316,0
50689230356,1
36117949656,0
50917960378,0
48624696752,0
40617769723,0
17444087621,0
51167039465,0
51041763603,0
50704940048,0
50252951588,1
48250559687,0
48117078202,0
51195058879,0
51184586367,0
50184622911,0
50937604197,1
49470548453,0
43358444641,0
38715072274,0
30757968941,0
16538041801,0
15319913749,0
50243905537,0
48057369517,0
48057241466,0
26772992312,0
50548240537,0
50019417971,0
50007462811,0
43506095152,0
32280797678,0
50899930892,0
48790975476,0
28228821701,0
51065843798,1
51052080927,1
30888184450,0
38288113442,1
23845262784,1
40682278711,1
13915837865,0
8397050426,0
49734211816,0
36840081113,0
25112977534,1
31148337114,0
42262694380,0
50082496576,1
9200952203,0
50369913878,1
6090081201,0
47601002842,0
14859071912,0
14758570643,0
24093863017,0
25911929585,0
51113394737,0
36616006902,1
23921700517,0
29407501332,0
44274125695,0
19897837066,0
18581987651,1
15797667105,0
11588879253,0
30318696051,0
6170070282,0
39610008082,0
28911650997,0
41648818952,0
50984523013,1
37362390840,0
22786727853,1
49585502541,0
27720400998,1
34904250454,1
39645760125,0
24942242675,1
8158636035,0
29358383108,0
50740989616,0
50627518747,0
48264327061,0
49204585282,0
29613602463,0
15647904441,0
19155284135,0
21244858743,1
32624992910,0
14021304618,0
22137375535,0
6455257753,0
27437694011,0
32274100885,0
47042061222,0
19894121226,0
48069134938,0
47951758507,0
23538371048,0
35161355112,0
35161352062,0
38707505791,0
28219272602,0
8152080643,0
6097161742,0
33596873930,0
50661665398,0
23000167001,0
35179655760,0
48868895093,0
46764768842,1
50613311006,0
49906663211,0
49620281217,0
49145603533,0
36697004196,0
41524421231,0
17837847982,0
35614761814,1
49791318966,0
47810527051,0
32866901527,0
39979360500,0
25322626118,0
25051000118,0
32151619921,0
30734328731,0
32686069485,0
29383856283,0
23652384926,0
28743761965,1
26492601002,0
26037674190,1
16794171943,0
16539871924,0
15623040234,0
15376551010,0
49858260683,0
49117857003,0
34648393603,0
15066383696,0
42027659455,0
42027651585,0
42929610951,0
33619312914,0
50309472036,0
40427620783,0
35454448805,0
45690386554,0
32538964116,0
16877461079,0
49615270212,0
33918476704,0
45856036634,0
17075214437,0
14807760300,0
40239570905,0
33707493873,1
14329783508,0
15863172069,1
34482768061,0
39672766224,0
51030179052,0
50832024213,0
36928773043,0
10798324736,0
45989045991,0
30467781680,0
20065068550,0
17887923060,0
17238207331,0
21154318213,0
33813655552,0
31883923748,0
27584842094,0
6271967492,0
49465318322,1
6858739752,0
26175687188,1
17010315722,0
26098525778,0
51165677529,0
51145453035,0
49918540052,0
49589215408,0
48687803213,0
30307648047,0
35734593361,0
29580234851,0
28309674090,0
16581390998,0
14111114975,0
6806533055,0
5802506258,0
50814477123,0
47952854362,0
30631520877,0
37003701092,0
38521751501,0
37021123016,0
34921891075,0
33086075066,0
28915046662,0
16946639540,0
14305827957,0
20046469344,0
17035010654,0
14771436483,0
8641534667,0
13982771297,0
8435682239,0
47574095721,0
49916936786,0
49505775648,0
36411311876,1
49610452992,0
50168147796,0
18986718863,0
31666243550,0
50340675183,0
33141455728,0
23952489817,0
36063726486,0
32608443736,0
45215410942,0
36098250004,0
50229858976,0
22503392034,0
50148826997,1
23953314167,0
22706724759,0
49982091827,0
32707867118,0
51085533732,1
51164778955,0
50348438872,0
36368993104,0
50975571183,0
50811328433,0
50713591898,1
50623006712,0
50360863692,0
49598216182,0
50034543231,0
49401130927,0
49264871012,0
50018076192,0
49749429838,0
49804938112,1
45233687651,0
43501602065,0
41856530985,0
51178113269,0
51098231878,0
50616587233,0
50522323037,0
50403177222,0
50212802233,0
49452567627,0
49441480307,0
49213861678,0
49132308018,0
49020175531,0
48797280146,0
48502897131,0
50901527481,0
51097648723,0
50703394226,0
50683841426,0
50587725633,0
50170637066,0
49204621438,0
50730170347,0
49024608373,0
48121209173,0
47941513942,0
48119188686,0
32795796077,0
33455413468,0
46307018175,0
44104176855,0
31579794288,0
31102961448,0
44564951591,0
42859355684,0
42251779065,0
50246734076,0
49692582901,0
49157961133,0
49128614168,0
49044837027,0
48131896557,0
50708389586,0
50020226801,0
49979746157,0
50913738416,0
49507471523,0
40957532824,1
50555675596,1
49379828181,0
49731296633,0
50951911853,0
50368886676,0
49615631496,0
49567614731,0
50372068058,0
50801350827,0
48601418151,0
50829615737,0
50100241988,0
49451022968,0
49878336477,0
50672938213,0
50913634567,1
49327256837,0
49685282166,0
49815652853,0
49627751183,1
49836887627,1
48667072781,0
50194798611,0
48537954947,0
51214422300,0
49573662056,1
48894273243,1
50663014131,0
50644192816,0
50862132901,0
51035102332,0
51127690718,0
51064087866,0
50685581931,0
50507511747,0
50244427576,0
51018851498,0
50282879292,0
49876454951,0
49504461861,0
48356025341,0
43854845470,0
39757442675,0
23916282517,1
37292202391,0
36018561183,1
35796861171,0
34083003926,0
34251831140,1
50228378316,0
50653669617,1
50385778823,0
49436307083,0
49652659046,0
50046882321,0
51009364878,0
49592796776,0
33045624380,0
27197212610,0
29181046801,0
50095938271,0
50737703472,0
49745400141,0
50713337013,1
49310132936,0
49505482566,0
51032749128,0
49704875671,0
49703592813,0
50901321238,0
50887649458,0
50792006422,0
49534058003,0
49978259333,0
49928363818,0
49412804272,0
48486312336,0
29925458798,0
50984222472,1
50823466167,0
50766790678,0
50706021887,0
50326718153,0
51022608542,0
49921026101,0
50021167323,0
49057530621,0
51175449394,1
51023715517,0
50642647158,0
51177062136,0
46921303602,0
33677439093,1
29487992226,0
51135255783,1
49970560378,0
50336220472,0
50236712911,0
50003298706,0
50036333093,0
49826892161,0
41850069204,0
49787264058,1
50613787802,0
49778035953,0
50663691836,0
48626462992,0
49197991061,0
47333060232,0
51172305109,0
50335268827,0
50342733163,0
50130140716,0
49753272757,0
49841254313,0
48823073018,0
48690095747,0
50823576793,0
51024883248,0
50040460236,0
50823909353,0
50204091957,0
49646866738,0
47938966907,0
46795415071,0
44890125922,0
46139019391,0
50879058541,0
50450421981,0
49846548316,0
51066524937,0
51161402444,0
51003907515,0
50952215363,0
50823277587,0
50502529951,0
50395005416,0
50280108652,0
50120111718,0
50208277092,0
50060355121,0
49796135876,0
51179568157,0
51194413837,0
50622264163,0
50304548766,0
49961670506,0
49911479553,0
49804730797,0
49576887092,0
33848272968,0
51184245361,0
51097239390,0
51016346595,0
51070703117,1
50991734833,1
50345240151,1
50336410286,1
50307623632,0
51110696279,0
51170293300,0
40288723314,0
32581921756,0
32568227906,0
27137203245,0
26994236791,0
49571264676,0
49428093098,0
49771776723,0
51093273366,0
51204177468,0
50389099748,0
50269472727,1
51067087331,0
50899413217,0
50954739643,1
50954751398,0
50421443126,0
50421327916,0
49742541778,0
49935715421,0
49945044898,0
48094526611,0
47323990582,0
41308837510,0
51223294601,0
51007301045,0
51000547127,0
50741784031,0
50667597896,0
50866559997,0
50147949997,0
50043229561,0
49343022893,0
49338489777,0
49634552478,0
49550540912,0
49174869916,0
50852828197,1
50120805936,0
50104911826,0
47559383252,0
48844451127,0
48299152722,0
45320098055,0
38904212144,0
38771420134,0
43750347901,0
51116106956,0
51181831836,0
50979508911,0
50954908238,0
50785802938,0
50624408107,0
50490196162,0
50177984466,1
50369879521,0
49778035137,0
49418809837,0
48833763198,0
48660509496,0
48646757021,0
48623888833,0
51104423697,0
50814445277,0
49327702271,0
49593836706,0
49102811553,0
49092280157,0
48813561196,0
49047889268,0
48514050422,0
46580997254,0
47564728002,0
47220857722,0
47564727132,0
45732933265,0
45732928815,0
43508920865,0
44156982994,0
43065568470,0
50885480221,0
50226283731,0
49924019663,0
51197785713,0
51195729515,0
51178317642,0
51010653156,0
50992840228,0
50614058906,0
50343760861,0
49907106422,0
49656339883,0
50945830982,0
50903217701,0
50801678376,0
50723143712,0
50596915107,0
50188162813,0
50152219647,0
49160800513,0
49140808363,0
49589713816,0
49328526731,0
50952167608,0
49195977568,0
51012261195,0
50738642261,0
49577499361,0
50446115912,1
51051806661,0
51038135761,1
51133956766,0
50729774633,0
50862991027,0
50566937072,0
47598677721,1
42454401335,0
37198170040,0
50991799912,0
50978927631,0
50341083817,0
50410737351,1
50539078287,0
40854550413,0
46651251445,0
50778118163,0
50427523283,0
50991682681,1
26739170679,0
50096125197,0
50858110933,0
48447248286,0
45344070414,0
33255102873,0
49529515176,0
49524936616,0
50361636181,0
50467201756,1
49881889406,1
51092900070,0
51002562247,0
50947208773,0
50896614177,1
50863438383,0
50583375092,0
50678223403,0
50103787956,0
49942793402,0
50165660631,0
49597903281,0
49669110231,0
51007937920,0
51002460271,0
51096764975,0
50389726658,0
50336113248,0
50193367536,0
50150307796,0
50079157987,1
49498936406,0
49447360468,0
48449768977,1
48448141252,1
48350936136,0
46888749842,0
44780517310,0
46347323392,0
45074530034,0
50581736507,0
51197452572,0
51127173866,0
51127007186,0
51127222543,0
51015199241,0
50913730022,0
50713219097,0
50730864717,0
50394418363,0
50434306493,0
51101344805,0
51106136951,0
50953824471,0
50341338647,0
50144994153,0
51100953511,0
49288750553,0
49494342013,1
40747923933,0
46899380354,0
50122683517,0
49989238738,0
49322314948,0
49322314663,0
51122464981,1
39371737070,1
34051995054,0
50080947153,0
51188242904,0
50817123616,0
49840373358,0
49192730217,0
31512547637,0
41078453262,0
36065095424,0
26731666820,0
49854690301,0
49430259106,0
49846549021,0
49483552697,0
49482850128,0
49783691798,0
49760357991,0
49672699407,0
51014600820,0
50998864980,0
50642174076,0
50058729592,0
51222659810,0
51070625241,0
51070114377,0
51118587246,0
50893597481,0
50857515912,0
50763407156,0
50435484557,0
50495004308,0
50412801492,0
50408257863,0
50380626791,0
50375587508,0
50202808511,0
50237504727,0
50145420711,0
49838630921,0
49869971476,0
51097722374,0
50639335406,0
50605734062,0
49984214458,0
51059201651,0
51221630179,0
50632174843,0
50515412581,0
50417065997,0
49756714558,0
48989519517,0
48434030246,0
33859175468,0
46213580594,0
31786513297,0
31345838347,0
30340538058,0
43547086002,0
41493049245,0
42804104591,0
28562346748,0
50956723852,0
49545446648,0
50628517973,0
49830214957,0
49799736962,0
49904714223,0
49790922231,0
50601439007,0
49626817681,0
49626293443,0
49738468466,0
49918300612,0
49710630446,0
51218006718,0
49416075527,0
50866934706,0
49375553148,0
33992974538,0
49457440626,0
50971696961,0
50171234417,0
46968296802,0
31947430297,0
49445481436,0
50676649441,0
50810028052,0
48644847593,1
50978909731,0
51022454716,1
50782703171,0
50025899671,0
49869461948,0
34694702115,0
51220422663,0
51175382972,0
49580552496,0
50980777118,0
50733487128,0
51170220424,0
51055701013,0
36168212505,0
50366087123,0
50378077428,0
50111134048,0
49054049113,0
48682799417,0
48671556808,0
48474522512,0
31789306487,0
43344625431,0
39945782622,0
50300071143,0
49466642598,0
51202763462,0
51196698954,0
51149593255,0
50853445473,0
50724986162,0
50304131662,0
50163192282,0
50147000333,0
50085260432,0
49839589161,1
49822143422,0
50261539318,0
49853096042,0
51210844056,0
44439992194,0
50443449953,0
50402361676,0
49664160077,0
49023545263,0
49275901711,0
48940614121,0
48845087036,0
48327988367,0
48522405601,1
46037967735,0
32145655298,0
49317672998,0
50493245663,1
50254927211,1
49259132338,1
50896595143,0
50353764966,0
50000598701,0
50001420596,0
31780327768,0
48701865452,0
35962696535,0
31409855254,1
49777070053,0
49873763391,0
50996163553,0
50974559736,0
50341432307,0
50065300547,0
51120333468,0
50494307048,1
49786256907,0
50910759953,0
49268947563,0
49209223247,0
48436703371,0
48413860412,0
51189940756,1
51039575418,0
50554023436,1
50552329093,0
51040406832,0
51156283018,1
51155869371,0
50901136163,0
50516916243,0
50430247893,1
51219727965,0
51101629986,0
50281742687,1
50263102577,0
49898229486,0
49894203582,0
51043629032,0
48552592631,0
49188005102,0
49685357872,0
48225256702,0
48003402916,0
51146856585,1
51215063452,0
51208782229,1
51185288001,0
51175820406,1
49782656263,1
50703379142,0
50990666296,1
50323602798,0
49888815528,1
51061613262,0
50912827546,0
49259187782,1
50360865557,0
50302079721,0
40300213913,1
26548018835,0
24439979335,1
47529082402,0
33827384458,1
46683115405,0
26523952531,0
24298397253,0
22314661416,0
43764107064,1
45219324124,0
29720274445,1
26560324658,1
31211645530,1
51182533120,0
50011496948,1
50931675668,0
50381104102,0
51122042390,0
51032588347,0
40168730123,0
33258355278,1
38872530430,1
34833409411,0
51186866580,1
44655003990,0
51050706093,1
50628235237,1
24030475520,0
23304792076,0
49699136216,1
40227331282,0
8712970180,1
50757651226,0
50225117457,0
50684683723,0
51110282675,0
51179457800,0
49771499607,0
49733185882,0
24357689169,1
30194275144,1
45632446054,0
24914731810,1
42996487484,0
50078741358,0
51196069929,0
50355746762,0
48962247632,0
49442833643,0
36648069732,0
6815342741,0
49870327272,0
49699224691,0
40864257384,1
27567948282,0
14160634989,0
14160698310,1
50421277362,0
50731976578,0
50571083402,0
49060543248,0
48635801301,0
48015336732,0
49063187427,1
49012974812,0
48984648597,0
48055070151,0
16743081068,1
34123427542,0
20912432118,1
10046244084,1
35834532863,0
37988916344,0
32140620877,0
44873802605,0
26313163520,0
37532870136,0
39413609904,0
39442624791,0
27425655237,1
44066287744,1
37420432196,0
28070724004,1
38582609172,0
6775040902,0
36902751680,0
46145395301,0
37574384774,0
26465899702,0
15146561420,0
24854441276,0
46446336612,0
30158049220,0
18898145409,0
49906127182,0
49096291118,0
49807636216,0
49665331963,1
47962721141,0
33884674778,1
44822037485,0
28535214634,0
27365068532,0
50587723872,1
51036977518,0
50430587211,0
50408798837,0
50832096841,0
50025435908,0
49813639578,0
49792469368,0
49629268098,0
49619640872,0
49591413838,0
49545302621,0
49831051531,0
49816620496,0
49732471338,0
49487979953,0
49258187657,0
49212939457,0
49069282792,0
49033746317,0
49023886333,0
32241808007,0
46960019461,0
46818929272,0
45044949301,0
47413320761,0
45907437565,0
44685182410,0
44622431662,0
44622431572,0
44671942111,0
43933062501,0
46641794952,0
41829837670,0
39417569972,0
37376883172,0
36570808173,0
35685484664,0
33919347891,0
39019815482,0
35387990602,0
33002852020,0
30092693426,0
33160103765,0
26583391802,0
25586974104,0
19387445260,0
20053452662,0
16528053493,0
16344467667,0
50951726531,0
50029294317,0
51103185823,0
50288261852,1
48912354891,0
48830663747,0
48823981812,0
48652175677,0
48510102977,0
48501577077,0
50363893942,0
49340168963,0
48916600543,0
48285977981,0
48176480842,0
47088992164,0
48238725242,0
48193873222,0
48176504636,0
47496097211,0
44058008180,0
28506723518,0
28052534158,0
26509685887,0
38869563974,0
37628812860,0
36101186001,0
35833009360,0
35783584125,1
35417042471,0
32631395371,0
21192348098,0
19534672106,0
14442335184,1
8022693800,0
7466178410,0
7365355468,0
38680577204,0
33116582065,0
50494086923,0
48045532978,1
28158761437,0
38352795465,1
24810295337,0
36938137480,0
35034318231,0
32895582115,0
32335216112,0
30660098422,0
50215324528,0
50511266408,1
49039022641,1
42028162860,1
29945347238,0
27480097358,0
25924865607,0
25468296657,0
31770702411,0
50775832671,0
32558433727,0
33679486714,0
34469142726,0
48852046782,1
46766131335,1
50051896053,1
48786439312,0
50565313872,0
25727072777,1
23306186475,0
50774571746,1
49692997962,1
34617619610,0
38559142995,0
47068669602,1
39374094572,1
33486634314,0
16872375090,0
8116571232,0
6055215982,1
48039071111,0
33711932648,0
16989965092,0
33559504973,1
33884380108,1
50487220583,0
49514913443,0
26175070972,0
21875383018,0
30932726716,0
49356410247,0
41889493041,0
8492487890,0
7847232470,0
8198576276,0
8195693033,0
8034559925,1
7557404328,0
7733509720,0
50866668288,0
40391500590,0
25541455468,0
49175605842,0
44696901062,1
25963261326,1
48845747576,1
48978874741,1
51104943425,1
50754918842,1
49053190412,1
46106919785,1
13361335553,1
26304826396,0
17178386294,1
44134376585,0
51182737588,0
49973024908,1
49073671026,1
41480373094,1
36802959734,1
49039614718,1
50983009897,0
23846397781,0
50735085251,0
50525911398,1
49932284306,0
39878501743,1
30009334351,0
50712635678,1
50232906997,0
49788976212,1
49687667887,0
26642498658,1
9274691703,1
51096227603,0
48319142282,0
34695702093,0
35118748560,0
34279457224,0
33297666790,0
23263542303,0
29439190002,0
24304363700,0
23577950420,0
29763185677,0
41668729164,0
34850855850,0
21358905960,0
20047666678,0
30631356337,0
50724747718,1
46299143755,0
8571482035,0
48340802766,1
50693806386,1
20583695062,0
48633693521,0
49792853963,0
48700211333,1
46850118594,1
46693017804,0
33479557898,1
38679962572,0
49750058621,1
47720036872,0
40756999953,0
33281489718,0
34133438520,1
32273593100,1
51137253882,1
50124552292,1
48665874606,0
51189856840,0
51147712515,1
48985845766,1
48921553533,1
30814000475,0
28009841926,0
38155450804,0
18169642214,0
36589211725,1
27382688686,1
27466603286,0
15189674660,0
48003732018,1
32186026847,1
38890934412,1
21063186551,0
20829746342,0
48012520212,1
19286161782,1
42599303202,0
49612444741,1
32025192387,0
50429898893,0
32236940208,0
50430758722,1
20249058254,0
20818934896,1
20799637552,0
20527916565,1
19872883648,1
18779352530,0
18940717046,1
18070993970,0
49006577813,0
50013822262,0
40537112022,1
50978981138,0
49321100271,0
36188281222,0
35122555720,0
42648130604,0
40818217180,0
27587861847,0
41700658401,0
28281208719,0
38742025575,0
32978649814,0
35533208090,1
50941174662,1
50496199893,0
49093745166,0
50315931376,1
43897483261,0
37839903421,1
36198539675,1
51205404936,0
50343170562,0
6969591875,1
37390875414,0
29890539314,0
29389680783,0
30620238975,0
26312554756,1
17080490447,0
16090386459,1
14024648425,0
9406545317,1
9455743135,0
7171138217,0
7498713934,0
7498539156,1
51217284266,0
30880500817,1
50022484861,1
51054155831,1
6795579267,1
44744960375,0
49521716591,1
50623952002,1
14180137015,1
46838490975,1
9433806963,1
50635904761,1
50623113228,0
45159743365,0
51080176828,0
51080966022,1
51127534925,0
42634169264,0
30879286111,0
26708623901,0
50472215352,0
49200351566,1
31541639382,0
49636584523,1
48852401091,1
45259509505,1
44242778105,1
36557858746,1
50715903463,1
34690369874,1
24052559073,0
7708075872,1
5962339427,0
49882975366,1
49445540296,0
37987497672,0
28075815527,0
47943133643,1
47942887262,0
42342913282,0
43332099472,0
50202072517,0
50904698572,0
46924291832,1
49600699767,1
51128638220,1
49583015423,1
49769175812,1
49738588442,1
49742698121,0
51102895483,1
51100871731,1
51103223042,1
51096388306,1
51097044678,1
51096929753,1
51104923107,1
51102550481,1
51105173246,1
50674744391,1
51147651859,1
50439594773,1
50827179646,0
50639071673,1
49029155306,1
50697587448,1
31599728007,1
39298178155,1
37766626066,1
40714068732,0
39489607255,1
36743100922,0
35054880722,0
50697589048,1
51146191887,1
50943895972,1
50939369281,0
36397590972,1
34958404830,0
27576318264,0
12845622745,1
9327015025,1
6866123190,1
6941937543,1
6887692251,1
6579362985,0
49761684797,0
48061173666,0
46808058735,1
31641043567,0
32641342067,0
31134223407,1
40209855741,0
26338272058,1
51141810933,1
50422056106,0
50421895472,0
49900482233,0
45972273541,1
47224639822,1
46359837755,1
33398487908,1
43131426982,1
42395951224,1
49878298262,0
50742609473,1
50837949361,0
51005046213,0
51216357703,0
50815450047,0
50707824997,1
50571417887,1
50499214498,0
48182871636,0
40643327653,0
40764220543,0
45053483414,0
43963205000,0
31908959008,0
44473354275,0
44334732245,0
43811019494,1
44467412062,0
40872226630,0
50939733353,0
50707826297,0
50815474887,0
51176008268,0
32929227887,1
25379870268,0
27285550509,0
25050732578,0
36987234105,0
34658404840,0
31370165971,1
30457952260,0
33521823436,0
31513151321,0
30677401063,0
30397948700,0
23465822741,0
18427614164,0
17270645024,0
17201196891,0
43771244640,0
44674851905,0
51025221063,0
49595959953,0
49588334651,0
49061082052,1
49150973678,0
48655118831,1
48602489632,1
48170273807,0
48067264432,0
33850382098,0
40615346963,0
33285239448,0
49924951983,1
50981744667,0
48935867843,0
48904807521,1
40407369503,0
47294066661,1
47954255686,0
32575423727,1
47361550492,0
30466186348,0
38651116860,0
27959406108,0
41454786651,0
36964161306,0
35723577160,0
32773920630,0
31260112076,0
30615814500,1
30081137184,0
30339858080,1
29919915880,0
29796463292,1
28978244974,0
29291556695,1
21891113180,1
21223120169,1
48625482677,0
47954241703,0
49574345071,0
51022480451,0
49946021286,0
50445313756,1
49075154533,1
34621133834,0
15199730117,1
50569575711,0
49232545081,0
49740909018,1
50814588293,1
49424281217,0
34141276782,0
37713808164,1
13940126018,1
8205853953,0
6940686811,1
30094019838,0
9478595881,1
49555996661,1
48741060507,0
49911213181,0
50671017396,0
48591044187,0
50225106678,1
5941831693,1
48842307657,0
25564265968,0
25094165758,1
37774072065,1
50914678852,1
32766438728,1
50135913008,1
49847453908,1
49641181158,1
49348300103,1
46705527145,1
31491162257,0
43078312980,0
30903572588,1
9392375965,1
7362698860,1
50405075396,0
49260653528,0
39715476790,0
40880672931,0
49802396316,1
50427519748,0
50312291671,0
49845100093,0
47735763212,0
37750466325,0
50661446271,0
50908584133,0
50262741288,1
49716783871,0
50961308583,0
9666149014,1
50870958483,0
50791842046,1
50280735321,0
49920544498,0
49649156157,0
49311629258,0
50782270237,1
49679796058,0
49335218176,1
49232529251,0
49061190608,1
48753518946,1
33583241818,0
31530119188,0
46363524101,0
43321291151,0
28452339107,1
38932833581,0
36727265680,0
34179747781,1
51176008947,0
32321065547,1
28618229944,1
24929746583,1
31004635481,1
18854892554,0
18718421646,1
7937300796,0
7007537570,0
7293415898,0
6811989034,0
6830115849,0
50245498891,1
50898354988,0
48986483948,0
32841428117,0
40427026623,0
45674939034,1
46843912172,1
39949079573,0
46679318111,1
42741064961,0
27871672147,1
50938889348,0
51029120116,0
50869726702,1
50009982641,1
49687280453,1
49455842128,0
48055448366,1
45658571954,0
31793208068,0
42443447974,0
43199798871,1
48496912356,1
31685252408,0
29861532568,0
50639079053,1
51098218711,1
51096677364,1
51097190380,0
51097137375,1
39361923664,1
51098904393,1
51098889136,0
51100392206,0
44860037511,1
41764311245,1
25578997557,1
40267579800,0
25826112516,1
15275807556,1
49336863261,1
48449071536,1
27530168407,1
50133984348,1
50129722816,1
50148816597,1
51154551459,1
48836109697,1
48695037872,0
47751595771,0
47188370781,1
32246433127,1
40162043443,0
45237055365,1
45425281014,1
29974306328,0
51132859601,1
51133048858,0
50820169803,1
50771664596,1
50671591436,0
5864198482,1
47136881442,1
50976387493,1
51136045468,0
50148156312,0
50940606243,1
50238712621,1
49871420636,1
39446807075,0
35559480384,1
50014586403,1
47266168911,0
50814635348,1
23771171318,1
51121280856,1
33699868158,1
50955310143,0
49235462987,0
33531797638,0
51207499714,0
51127455001,0
51177755806,0
50497060967,0
50497060022,0
32123516128,0
43628793630,1
50686920063,0
50856534311,0
44341520560,1
28932771100,1
50783584707,1
50146086118,0
49931114576,0
48727129036,0
48599732797,0
48585745966,0
48585800607,0
50860910817,0
50860808856,0
50783480301,0
35188195722,0
31175599081,0
51020142193,0
50763417051,0
50642119033,0
50334538756,0
40592851353,0
50601137118,0
49989349917,0
49714043026,0
29870026637,0
29161516477,0
41039097882,0
38404311244,1
26222730269,0
31042736522,0
28342244282,0
27136000743,0
25807176710,0
21861060644,0
49607023552,0
49949671036,0
40455354430,1
49713480547,0
42349324005,1
26234246848,1
14757564867,1
12817093305,1
7805770976,0
7749558524,1
39845064330,1
38691205870,1
51107859009,0
46879032974,0
28531451287,0
51082254532,0
48644575393,0
50912565542,0
50548567471,0
49012881078,0
44096663610,0
40405113711,0
36893500766,0
34735471621,0
9622736322,0
7990641731,1
6950914098,0
6804855545,0
6205641787,0
48070341981,0
48209641081,1
47220460321,0
39407913831,0
50168264727,0
50017861946,0
51220192399,0
51168578482,0
50983946486,0
50968521706,0
50823319822,0
50684754497,0
49836542906,0
42054855114,0
50636327143,1
51126532972,0
50979029717,0
50874502523,0
50701688603,1
40927115772,0
27097974598,1
40968972101,0
39177392000,0
16800769230,0
51040401802,0
49832519353,0
49405734888,0
49832883471,0
50687500368,0
45968914494,0
48723809771,0
48803041492,0
38256579031,0
32777889256,0
27173784692,0
25048612941,0
49225491588,0
20160694206,1
14789367049,1
8294839191,1
8034728631,1
6289395247,0
9537472897,1
47818211352,1
43589743821,0
42670577975,1
16089126690,1
24340011892,1
50083767466,0
38706888474,1
33996749893,1
31917580210,1
49200659823,1
50775977611,1
33293707184,1
14932656203,0
28603658717,1
36169736671,1
47980540803,1
50434571421,1
50646129477,0
50739945431,1
9399320109,1
39641115491,0
8559045866,1
51213805859,1
50521779438,1
49524009523,0
49959169823,0
49830801493,0
50019763431,0
9329531042,1
50663271226,0
30282303357,0
50786160277,0
38758315155,0
24715394998,0
29767181014,0
50889898607,0
37182125444,0
30540225381,0
24720413833,0
48326139036,0
49675810543,1
49044027058,0
30966758534,1
50157822558,0
38153457365,0
26010238828,0
20809513972,0
48810455147,1
51003458743,1
51199016693,0
32144655932,1
41311417675,0
41311404765,0
50793624178,1
50435826638,0
50232201771,0
48903929236,0
48728820683,0
50434691422,0
50434523106,1
50433827978,1
49535807283,0
49175566166,0
49030701508,0
47684561482,0
32580469707,0
32465724207,0
33012744438,0
45714517404,0
44663008251,0
29172165747,0
29113162577,0
16427834788,1
39751661192,1
26791513144,1
50645266433,0
50315713752,0
49772136423,0
49513087176,0
49819737703,0
48624775907,0
48610081268,0
44758112185,0
44579676870,0
44332624722,1
43413895984,1
34359133522,0
51122947921,0
50851406986,0
51140725726,0
51195929193,0
50129210792,0
49576292932,0
46321228055,0
35084299362,1
30907373513,0
30186167274,0
21071597459,0
20052428090,0
14920816454,0
15427084407,0
9437837201,0
9361359583,0
8646238466,0
8645132223,0
8662622008,0
8736402937,0
8677718104,0
8656347643,0
7995172747,0
7793324438,1
7403539096,0
6840584661,1
6771913609,1
6603209631,0
6613396215,0
50625081491,0
50318722433,0
49727684796,0
48140598363,0
46822436755,0
47152979082,0
48283849317,0
47939783952,0
46620537064,0
33158456638,0
45556522825,0
30262518428,0
41853306485,0
28167607177,0
24893792178,0
37088901803,0
50444221647,0
48921521792,0
31720729768,0
50876347008,0
51152171035,0
51157908532,1
51117214113,1
51112886067,1
51094063929,1
51017962887,0
50697883073,1
50550955997,0
49913956073,0
43099061250,0
49702752846,1
49422042626,1
49478929918,1
49406779851,1
46537410374,1
33275460818,1
36295617842,0
50614639773,0
50618936038,1
49899601743,1
49256950821,1
26797966708,0
30407599231,0
17177401865,0
49561037281,1
49169033311,1
48709362078,1
47927768752,1
30950164137,0
42483056895,0
51190664449,0
50986949433,0
50581509387,0
50025318547,0
50025132676,1
49636828448,0
49487992533,0
49488481996,0
49488475086,0
49487899408,0
49487898488,0
49488352056,0
49488308886,0
49420625541,0
48996129982,1
15668167587,0
16397235982,0
47183087851,0
45267042411,0
30891224448,0
27813152747,0
43210219864,0
28067915738,0
50568211546,0
50402064911,0
50302352837,0
50061754806,0
50315498342,0
49956106187,0
49856585187,1
49596456293,0
49342680762,0
49266632827,0
49096252306,0
48871284367,0
48602421011,0
48546641736,0
48594650482,0
48204089001,1
48261329292,1
48183965131,0
48079336992,0
48057590601,0
50772398267,0
51144521837,1
49799955351,0
50211376178,1
49369603808,1
50440471463,0
50082868006,0
51191050825,0
42538521862,0
39863289074,0
35815144762,0
24977672538,0
31263874914,0
50180910383,1
50149107496,1
49692371277,0
49688796026,1
41318477134,0
47951459463,0
43518588885,0
49217437327,0
24249638838,0
34194982426,0
29218507432,1
25387161273,0
24918228406,1
8663625303,0
50992211612,0
50966004458,0
49789346372,0
49478826551,0
49472691283,0
49168541868,0
48455729591,0
48365957051,1
48262234197,0
48066959037,0
48018930863,0
46942667364,0
32678810867,0
46487562465,0
46879608382,0
46167834614,0
44603314400,0
31470736397,0
46290276962,0
45541937754,0
32393307618,1
45027617324,0
44771104475,0
45574089841,1
44655114675,0
31682050298,0
45006208602,1
31245211008,0
44253450794,1
44907432031,0
30667800468,0
43398443781,1
42585645364,0
50439161752,0
49985134741,0
50776937502,0
47728314621,0
27691377217,1
49589498483,0
49614659897,0
48995787051,0
48995103923,0
48995093123,0
48688603553,1
41936369741,0
49923927521,0
49452808032,1
49265944343,0
46806927554,0
30655715936,0
46637160515,0
25332149286,0
9626479070,0
48639371226,0
41750959272,1
28256027988,1
49354310088,1
49458305126,1
49262939216,1
41994315192,0
49949705766,0
49488544566,0
48594021607,0
48002839297,0
47942272371,0
33251693645,0
51061303376,0
33493137476,0
51145585353,1
51141498175,1
50910304766,0
49365858577,1
33668837018,0
27962087528,0
29504427503,0
27344905532,0
49255779506,0
50704591141,0
51207268963,0
49814604037,0
49813665448,0
49814510112,0
46389760975,1
36686483406,0
49258177226,0
50441477902,0
10802326426,0
10801590425,0
50213548627,0
51163869853,0
44170809010,0
40764959695,0
34868677846,0
24683255800,0
26759822082,0
25120333122,0
15754345111,0
17604645331,0
16678732038,0
14731683624,0
51133245848,0
18276695471,0
35404942410,0
28624562538,1
14607563263,0
14499327026,0
14691990593,0
13610704495,0
50639823581,0
48156403887,0
49977198433,0
51034578556,0
50834091446,0
50834143997,0
50757284197,0
50757200286,0
50573825198,0
50573816773,0
50527185012,0
50499625411,0
50498898173,0
50440322447,0
50440321127,0
50440200011,0
50300260186,0
50300258021,0
50365914176,0
50365204743,0
50365159548,0
50365996357,0
50340172651,0
50300237601,0
50148959558,0
50056508972,0
16676225982,1
50812078271,0
49154328092,0
47755701971,0
51012859777,0
50949682487,0
51113144682,0
50917963043,0
51037366623,0
50985139413,0
50183656367,0
51079835333,0
16491154448,0
51004175388,0
50945214211,0
51054986872,0
50076391982,0
49901803977,0
49630686157,1
49922627431,0
50907127987,0
51121080464,1
48143790822,0
51034606808,1
51011687870,1
48683039877,0
48574276437,0
33628472878,0
33671446278,0
46601693474,0
51095575889,0
50699473243,0
48922839901,0
48890950916,0
48220899257,0
50439856938,0
50437902507,0
47985257542,0
48749548481,1
50907100637,0
50368820812,0
50988731126,0
50316240028,0
10913075574,0
49374995503,0
12019907085,0
32680025107,0
50939115202,0
49442091667,0
31156465967,0
32063054798,1
51109196470,0
49777612533,0
48556922286,0
50860093048,1
50860907187,0
50427172616,0
50957188346,0
48744369897,0
22702076891,0
51017095645,0
49814811601,1
49740911446,0
50885622871,0
51069169873,0
50906967886,0
51196650162,0
50011633146,0
48128606086,0
50886490896,0
50639820056,0
9721239725,0
50981810618,0
50890098111,1
50690269543,0
50711482942,0
50623957212,0
50563723107,0
50506115276,0
49442796091,0
49077865962,0
48720371133,0
48128390568,0
51077024737,0
50847207946,0
50872473766,0
50366654911,0
49075290128,0
48108817713,0
46882553854,0
50623106133,0
49491545703,0
49674644327,0
50795796293,0
50346238326,0
50920941622,0
50747354133,0
29445938433,0
50716240566,0
51177280085,0
50216431141,1
51050865408,0
50043501348,1
51211755156,0
50047596638,0
35263795005,0
26080958655,0
28793333352,0
27119517874,0
20748274621,0
16730741856,0
18966454448,0
19018484796,0
16937266709,0
16260017509,0
16038208531,0
12734984985,0
11906052004,0
11486527343,0
11102879106,0
10671588333,0
9895623505,0
49948829632,0
51025529621,0
51162008303,0
50794098007,0
50618771558,0
50664917636,0
50060751892,0
50028994283,0
49871947622,0
49557684883,0
48993378737,0
48825980147,0
48199836882,0
48193318906,0
48053344291,0
50787312713,0
50701320696,0
50656843911,0
50760561487,0
50364655062,0
35088829563,0
50566938117,0
51021446486,0
50805495403,0
49811688642,0
51109149566,0
48025018076,0
48732228247,0
51220844850,0
50953274357,0
51206143123,0
48855852167,0
48849525777,0
50745150418,0
42528396674,0
9690072507,0
49912446517,0
51176323758,0
50976174557,0
50939801341,0
50006936283,0
11344045263,0
49547386123,0
51056817912,1
30476243840,0
24486530806,1
18557061286,0
24952915826,0
26273405291,0
8183139774,0
6878904308,0
8151460673,1
38849668591,0
26583110912,0
27779211223,0
9048623437,0
39953735231,0
38380063581,0
38297502106,0
35092816340,1
30380213326,0
21965251899,0
9833302494,0
6183451989,1
31561783377,0
8431909075,0
7466921760,0
31560534725,0
42804019304,0
44799496492,1
35537651094,0
50036893887,0
7222420786,0
6925251959,0
47426704242,0
15663138475,0
34560407466,1
45710358275,0
23998463118,0
16369465660,0
18365477426,0
42756102351,0
45779375865,0
34471335543,0
33922892876,0
16200289715,0
14617239137,0
11946210763,0
14730326955,0
12753257915,0
12740872015,0
46948673285,0
38461087236,0
35341246035,0
33238009330,0
40022608253,1
45314581222,0
39817485915,0
32670347734,0
40832279654,0
41300694804,0
27156697397,0
36986842816,0
31497355808,0
22552804679,0
17871641795,0
14503953649,0
32529778117,0
9201217123,1
49002905657,0
11798520886,0
17302401978,0
17248261832,0
46889567475,0
41654917851,0
26135166189,0
26027056015,0
22169850420,0
30480114101,0
31644762582,0
31402103570,0
15302590163,0
27069471517,0
51113064621,0
48541595067,0
31894473437,0
49085029397,0
49068418403,0
10305544806,1
49564256156,0
51221007807,0
31743805193,0
15419643741,0
49998911067,0
14593337476,0
40125065875,0
41539356864,0
26014574963,0
38005019522,0
9625523259,0
17124336097,0
6300729832,0
34338677752,0
37273579381,0
27727234260,0
9050800171,0
49091096726,0
47950841463,0
20244559032,0
17453165604,0
17223268851,0
15740239693,0
34876254375,1
23166920151,0
20680512255,0
26339289738,1
50452829141,0
46291274481,0
42781944654,0
41563346865,0
41563343685,0
35694896394,0
30327201403,0
28593952835,0
22806217941,1
17021898305,0
16312086223,0
14799048569,0
50170120351,0
34064626934,0
17643441134,0
35230758174,1
27199339379,1
26210740466,0
51046055617,0
35711754342,0
49618199668,0
31287828263,0
43219557030,1
26259634889,0
49449221223,0
28983478856,1
24626615860,0
49488570181,0
49216629578,0
37928212995,0
43750777334,0
28690278161,0
18510299141,0
30132465068,0
44189626582,0
15522688539,0
13224591293,0
50697242797,0
51089283782,0
50432613097,0
50633380642,1
50290377456,0
38761693891,0
51091152227,0
50815476062,0
50814566598,1
50303101668,1
50257536963,1
50196023596,1
50202186826,0
49571397206,1
50583902372,0
49771212263,0
49224149947,0
49213863418,0
48650079793,0
50152101283,0
32665704587,0
29599957827,0
50982892658,0
50040522801,0
26459282577,0
27280907200,0
49802842323,0
49790527256,0
49424458166,0
49203384338,1
49675818517,0
49813203472,1
48978864151,0
40298047824,0
50217487376,0
50593669556,0
48614259877,0
47802860352,0
32526290617,0
47112991292,0
49685589962,0
49685259511,0
49688626293,0
49913961637,0
51203953814,0
38370577746,0
50796854903,0
51058913531,0
49520944926,0
50992153896,0
51033758992,0
50693936867,0
50651013838,0
49846205261,0
49950625042,0
50643257553,0
50992152086,0
50163163326,0
49993263572,0
49880197178,0
49871388288,0
50988291131,0
45401361254,0
28488652877,0
45524108965,0
50815312636,1
50518791761,1
50171089813,0
50126683898,0
49901987693,0
50608058141,0
49713106951,0
48160860596,0
49290105561,1
50962474751,0
50059868096,0
50820737423,0
50449700696,1
49530865786,0
49615447111,0
49601573081,0
49506806173,0
49016322307,0
48695413367,0
51130636387,0
50695216617,0
50782386443,0
50357188698,0
49717576678,0
49237643276,0
49319238141,0
49266709581,0
48699045321,0
44412069614,0
50586706381,0
50338185567,0
51211088920,0
51201264758,0
51089754754,0
50999263700,0
51068491962,1
50988679911,1
50985668747,0
50335543607,0
50314824373,0
49556734356,1
50848154147,0
49589073498,0
48997044088,0
46049157195,1
46073997804,0
46161569354,0
28337771079,1
29530575265,0
50997411808,0
50353082241,0
49986705033,0
46255306024,1
51171939388,0
50814595553,0
50331042201,0
50174294077,0
50148695467,1
49921082997,0
49927201198,0
49893493701,0
50713027442,0
49974310357,0
50526295378,0
49995444716,0
49902818537,0
49474184482,0
49667789696,0
48677866871,0
47992629238,0
42300788934,0
49536035018,0
50756072733,0
50541065991,0
49777707976,0
49023340188,0
48397114206,0
43136549454,0
50922822861,0
49658027406,0
51198577598,0
51012949837,0
50955810368,0
50757760966,0
50528876006,0
50351529723,0
50348058087,0
49522709417,0
49355305712,0
49726935616,0
49724512097,0
49507280566,0
51003874820,0
50696963957,0
50628862487,0
50588379828,0
48085039007,0
50353114132,0
50340563293,0
50249193573,0
50193953086,0
50131728362,0
49161859863,0
49125865588,0
50905438246,0
50260184487,0
50256121287,0
50193952176,0
50004189066,1
49979506167,0
49047715377,0
51211371056,0
49984413403,0
49621986858,0
49827721382,0
50745870591,0
50567289292,1
49963585533,0
49922415518,0
50515977798,1
50408143846,0
49345807928,1
33036302908,0
33216219618,0
49384806273,0
50226640412,0
50013626811,0
50069877711,0
51123224633,0
51043879136,0
50933415943,0
50530112166,0
50460285512,0
50388091912,0
50146131681,1
50184960447,0
50438179361,0
49610055006,0
32515444228,0
44016574820,0
51219949715,0
50699421382,0
50367001963,0
49494329563,0
48724224697,0
46955813825,0
48014635791,1
47571277612,0
37502633461,0
37454764956,0
32179996354,1
31104730014,0
26732527234,1
27159359735,0
49380788598,0
50028367768,0
40164829575,1
48584475366,0
25572371248,0
51142145053,0
51084012042,1
50311459196,0
50196962683,0
50133029392,0
50066455061,0
50817909532,0
49953052573,0
49857274767,0
46818753491,0
44064539051,0
49740619063,0
38501230066,0
46188377412,1
51099409192,0
51069644751,0
50306903173,0
50055658228,0
32917272722,0
28475507277,0
51063347857,0
50895293138,0
50411444413,0
50406262122,0
50306925616,0
50294793803,1
50127394532,0
50094113566,0
50043122591,1
50257735083,0
50251086423,0
50042589548,0
49965522312,0
49940414127,0
50746394137,0
50121456218,0
49677251412,1
49497579707,0
49896012447,0
48987060817,0
40843487713,0
33694675468,0
39965989653,0
49854913296,0
50120261376,0
50353047923,0
50551699218,0
51180285967,0
50334398448,0
50006277038,0
49208521828,0
49208520333,0
50999662478,0
49910698552,0
50783798341,0
51223478856,0
51161663162,1
50733625473,0
50573886706,0
50521056903,0
51196043596,0
51133608260,0
51133529305,0
49955318153,0
50984436148,0
51201912684,0
51128336702,0
49923809662,0
50299647862,0
51224157734,1
50610855377,1
50164070606,1
49648240853,0
51210062722,0
49430567178,1
49798245326,1
50851538497,0
51120328303,0
49341162761,0
49214967293,0
33448650318,0
30802698637,1
29528534468,0
25961474253,0
25562008314,0
23966418883,0
24190598186,0
22021307622,0
38283512786,0
9218130766,0
45992103375,0
23894257296,0
8269334865,0
38899184321,1
20464074918,0
17492506510,0
37537437041,1
50194123197,0
28845540067,1
32191849847,0
15439418125,0
34602825352,1
29751047466,0
44248736484,0
29745217967,0
46944595855,0
7475071002,1
50160274447,1
49268665297,0
36923744225,0
43251065325,0
29123447106,0
40107407601,0
19503163115,0
21508999504,0
48592229036,1
49661232688,0
50052720913,0
49836956627,0
34974262706,0
10752868816,0
8247986785,0
26791196013,1
25331922363,0
30629127007,0
34352654813,0
39608400995,0
24225702916,0
32827393421,0
27437693611,0
11627173554,0
17114177865,0
12911119514,0
32844881497,0
49751405248,0
50672544712,0
50100649381,0
51185358786,0
51174202273,0
50465373541,0
50149963677,0
8212215725,0
49403517783,0
25101819838,0
34269143091,1
30559845231,0
26571153441,0
49242511428,0
39889245864,0
48890413243,0
47350614841,0
8977309966,0
19010940268,0
50051670278,0
50088331968,0
49920064513,0
51189390554,0
50753053316,1
50097152328,1
49391933992,0
48099975146,0
51119687728,1
29101819036,0
20733622158,0
6392313101,0
28566592136,0
42114431750,0
16952284208,0
24722730327,0
33965855864,0
32734889930,1
37707189196,0
41849915745,0
50246033386,0
29200655307,0
36073568152,0
16901766977,1
30486127297,0
39026197542,0
36910556956,0
30041889782,0
17238615331,1
42953252274,0
24603850897,0
28930543464,0
28869517920,0
49832722838,1
47758677752,1
51056658051,0
51056688097,0
50255854357,0
50090955082,0
50059927153,0
50027961543,0
51055989192,0
50339050782,0
49830999606,0
49813533888,0
49813984766,0
49728345078,0
49671445282,0
49658353973,0
49653284791,0
49566278772,0
49345200112,0
49274169162,1
49193654042,0
48631169032,0
48617098693,0
48108476452,0
39842588193,0
43794084205,0
29115570027,0
48315973047,0
46694607111,0
44622431502,0
44622431372,0
45779353875,0
28378977477,0
38442254386,0
37173937495,0
36066927654,0
35442281573,0
35364054743,0
34814251024,1
34336351984,0
32363158814,0
33160121305,0
32633227181,0
32430978456,0
31340442991,0
30350819916,0
26426462263,0
26713192266,0
24626448836,0
24331672182,0
23971924776,0
24324091143,0
23694154952,0
21575347869,0
20328265319,1
16675779678,0
19884786962,0
50282376643,0
49506253733,0
48767537933,0
48549124832,0
48526511256,0
48734979188,0
48184597077,0
48137298722,0
48111973592,0
47525221762,0
47561471591,0
44747627675,0
44946393591,0
48035887913,0
48018515548,0
32497235207,0
46611085414,0
44819677961,0
41650155611,0
40471247715,0
37878975451,0
35246419381,0
30777760071,0
20019492218,0
14443483415,0
13916860217,0
13358227345,1
15925308766,0
15029828204,1
8022650101,0
7105776591,0
6916250756,0
16396824141,1
49237683853,1
24761500507,1
32056343318,0
24906543507,1
31706107401,0
31621155445,0
31583723946,0
29815403234,0
19767106679,0
50659442346,1
49948377683,1
49888446342,0
49003348118,0
48333091257,0
45283182564,0
45458710361,0
39543330430,1
26575129898,0
39510746315,0
25468272047,1
33942027486,1
33249332252,1
33771684562,0
33418414736,0
19435745445,1
7982681630,1
34520642945,1
34467093166,1
30607811135,0
41081655441,1
43761170232,0
49308558378,1
19600733654,0
36783208735,0
46626001792,0
39920063583,1
17371865275,0
50696977478,0
50149583552,0
50659759957,1
49616242431,0
49297742828,0
49405493617,1
38577855016,0
50961088888,1
46785287885,1
30349419452,1
32866207757,0
25968794770,0
50951337243,1
50514999633,1
50227362582,1
49218561868,0
25792649787,0
39303163921,0
35997993406,0
8692549086,0
9446047311,0
8000347281,0
7980165375,0
7538578492,0
16483546813,0
16845108719,0
7847213302,0
50444604161,0
29687223031,0
51158834640,0
50601563757,1
50254110796,1
49058480442,1
48428248817,1
50151270241,1
43240706450,1
43773699761,1
50661692406,0
50402216073,1
50294817873,1
50260990046,1
15572718563,1
47052296162,0
29418736417,1
40461580520,1
49829057143,0
40503072445,1
8639854675,0
35716767191,0
48851107441,0
28840094527,0
39782686575,0
49139278186,0
47923450437,0
39586444555,0
32020802062,0
28930861651,0
28186269603,0
24048140841,0
42587746504,0
21555648421,0
50102766857,0
8857223174,1
48846095903,1
50466443698,0
26629701615,0
23923051736,0
35583956910,1
50815776106,0
50111142278,1
23598516942,0
37075409032,1
48803958831,0
50584904151,0
27150371977,1
48396512961,0
23645806778,1
51036685527,1
50545666133,0
50144366341,0
48848788877,1
46850166044,1
40483809223,1
37825818255,0
50721386132,0
49197496077,1
34210884900,1
26214460670,1
33663919966,1
50847573477,0
49595861426,0
49606840311,1
51176545248,1
51146486871,1
51152299226,0
51147790407,1
51151626872,0
51147790492,1
51143360649,0
49906998637,0
45574485812,1
48847539347,0
48974907941,1
46337895205,0
28963004380,0
27430584143,0
24030318280,0
23446115464,0
50064295967,1
48151184287,1
35732876083,1
18242593912,0
50344515586,0
43813277821,1
40487114982,1
34668977714,1
34544244333,1
34458101824,0
35859206043,1
48602956331,1
49399926111,1
47694967761,1
30275087953,0
49651684311,0
31963409857,0
30084706138,0
41966966881,0
51228070926,1
40978042825,1
43817373104,1
22213626614,1
18874228051,1
25831548867,0
21290291202,0
6885974630,0
50430763657,1
50430590591,1
50429895673,0
50429891983,1
50429895938,1
37123353253,1
50430588776,1
21058823855,1
20844341316,0
20839685106,0
20215683854,0
20624723489,0
20468061549,0
19686563265,0
19364371956,0
18067995040,1
18256970661,0
34440990722,1
49432677892,1
50058609913,1
36507119615,0
40652676902,0
34996429845,0
34323322511,0
33861112205,0
32714831916,0
28615919965,0
40279846460,0
7934060276,1
51214190404,1
50454368866,0
49443586561,1
50986310656,1
50920954817,0
44453625675,0
29910824898,0
38811954871,1
35910010541,1
51183403592,1
50852573208,1
32207617037,1
32298505917,0
25723006464,0
23427342104,1
20914215128,1
18936316091,1
16728180275,1
16593124969,0
16217490370,1
6837524440,1
47952844038,0
42359317065,1
25360170978,0
50766720341,0
49971142187,1
13851885183,0
50637157957,0
9433801657,1
51011687890,1
51080176118,0
51011687520,1
46943099071,1
49992980691,1
46135587892,1
45027178754,1
43305600675,1
44453910572,1
30568968848,1
42156357371,1
42030838161,1
50881479093,1
49220440318,1
35309943913,0
49445057083,1
48542767351,1
46965075421,0
46037148695,0
44299077064,1
50251633492,1
50137647048,1
40215587203,0
50623103583,1
49682534663,0
49499558828,1
49377504978,0
15986511954,0
15986510664,1
49611726931,1
46912637522,1
50374784763,0
49396378788,1
49909161403,0
49757533776,1
49744734322,1
51096772052,1
51096755299,1
51097045208,1
51096387791,1
51100828584,1
51102882972,1
51103273506,1
51098132471,1
51096412059,1
50622981968,1
49127707381,0
51146867716,1
50926832932,1
50639903612,0
49523727728,1
46078097144,0
43580551301,1
43647785155,1
36581334390,1
34563540024,0
33731555934,0
35054879192,1
51146192217,1
51147978055,0
48361909892,0
49592942267,1
19429896498,0
22227191266,1
9290224309,0
50835975781,0
50229253618,1
50201577481,1
49733962127,1
49791342497,1
49293218357,0
49019047762,1
48474116856,0
46668449845,1
29519343418,1
28278046918,0
40842663112,0
38663081390,0
28033440729,0
50094952381,1
50011741141,1
50027226737,1
50992357033,1
51184856243,1
32332417197,1
46551040394,1
42820595655,1
49896679823,0
49864836621,0
49968749586,0
49290499486,1
49285327312,1
50182212482,0
49671431991,0
49300955181,0
48098289362,0
48097107053,0
48121436782,0
45729952222,0
45729880952,0
43960667370,0
45778444391,0
31891332598,0
31542057098,0
42936832000,0
43765604362,0
41559151240,0
28494082347,1
42304122554,0
27658380397,1
50934803241,0
50784645646,0
50940520197,0
50842933357,1
50818226073,0
50707857112,0
45130129491,0
30865336188,0
28536117527,0
28280866209,0
38020322756,0
30979912676,0
31924459641,0
23581315335,0
22507182839,0
20796943940,0
45215197815,1
50702099941,1
50222496057,0
50233658596,1
50176995441,0
49597020322,1
48859293237,0
48735555823,0
48654755788,0
48399183041,0
48282261056,0
48282119787,0
48281625526,0
48144317371,1
48067209968,0
48067261692,0
47431700101,0
40437352983,1
40159326883,1
40119146853,0
40114207473,0
46354841084,0
40111519303,0
32134414607,0
46162419315,0
47023242092,1
46160311385,0
40113476733,0
50974111437,0
48527171086,0
49813183187,0
48540490702,0
48058452692,0
33188405358,0
48077765611,1
46794057254,0
41571014274,0
40973775151,0
37176619316,0
35847141001,0
24033526417,0
36794253114,1
34752569530,0
31930326494,0
30456997570,0
31861733712,0
30133227020,0
29137193576,0
29084215586,1
28335124235,0
28301284856,0
27747132290,0
27836028656,0
26227401333,0
21880824119,0
21745867938,0
48719744101,0
48625477887,1
49183472412,0
48242806547,0
43881108264,1
44837293884,0
51175942205,0
51047945856,0
50153632921,0
49228399363,1
42591614344,1
20408484586,0
50190047396,0
46453823824,0
50195828518,1
50877781482,0
30449486065,0
40466391843,1
47777720441,1
50638732663,0
19215964976,1
50921208813,0
48090146471,0
37687480882,0
48997428132,0
28135734928,1
36438333005,1
26078880758,0
21417816651,0
27981075381,0
50246071187,1
15834371248,1
19602895651,1
50748617771,0
49311006732,1
47627906831,0
44178784601,0
40973092881,0
8270500458,1
17298169989,1
9542209643,1
9294103716,1
9548368444,0
8022495390,0
32184319157,0
45632681045,0
49692351597,1
50107871836,1
50816561952,0
50362418208,0
50362417868,0
50139366071,0
50312456147,0
50287815443,0
48983097926,0
51078200091,0
29450369191,0
5861694499,0
38137145536,0
50965963753,0
46786822882,0
50623107698,1
12786947264,1
9732079007,1
9402026952,1
50636051271,0
50608055001,0
50584526242,1
50282343682,1
50267358497,1
49075863522,1
49042305482,1
50416918262,1
49215067801,0
46987438011,1
45685465054,0
44638311514,1
34820388742,1
34576285350,0
36017393351,0
33926471600,1
50865048246,0
48557243666,0
49438821127,1
46645807252,1
33878327161,1
28579043994,1
25556467245,1
9383004527,0
9341797505,1
8181992336,1
7632919608,1
6901500732,1
6954822753,1
6004264340,1
5995906752,1
51082902738,1
48802540542,0
31030723997,1
47923891346,0
32390488587,0
46388130201,0
46086269542,1
44677618045,1
44651047304,1
43397934744,1
30005570208,0
40918680465,1
39294466502,1
38532317001,0
38149408876,1
50421170958,0
50764167641,0
49271472382,0
48692740133,1
45145795245,0
42953000554,1
41845248710,1
42879925152,0
6945510437,1
51223811386,0
9409366548,0
9410426841,1
48988831573,0
51097219748,0
51097142313,1
51097305795,1
51104327895,0
49044102281,0
49503125541,0
28411779518,1
51100899033,0
51103278782,1
51103510898,0
51106183375,0
51104528529,1
51102791244,1
32421482207,1
31157173137,1
44805485274,0
44238824805,1
42859835150,0
26882550119,0
36283875303,0
34479077675,0
31568734378,0
26029407888,1
31169488150,1
49801312667,1
48449073051,1
40134767254,0
49021716088,1
49174409888,1
47746759242,0
32755936727,0
29386478898,1
29155209858,1
51133649424,1
51029248672,1
50577517261,1
49438127713,1
49327020678,1
43340533702,0
51195281817,0
50238925362,0
50138510277,1
49069968547,1
50926836196,1
49870918423,1
49598205436,1
28931218868,0
50945124141,1
49936776028,1
15284840557,1
41409147255,1
40359418240,1
9529470437,1
9454163521,1
50904722593,0
48996728806,0
48844556068,0
47651294002,1
38558294631,0
51146787696,0
50385979616,1
38933477005,1
15139547727,1
39113187015,0
9395187732,1
51112385733,0
8397761503,0
49949153638,0
48585667461,0
45370938115,0
42593737610,0
42084503444,0
28928490228,0
51202076981,0
50712485946,0
30038913303,0
30533953505,1
51150059392,0
50878627468,0
50614688833,0
50398598263,0
16455930437,0
50927515442,0
51097516359,0
50736520808,0
48384139697,0
50609722593,0
48632384568,0
48530786272,0
51000182372,0
8720668964,0
50372234367,0
44354420120,1
43844582332,0
51002312513,0
42184539154,0
15038743768,1
13201676785,1
46733059755,0
39459260954,1
50787069223,1
49748902458,0
47977829816,0
24198723657,0
50503510401,0
49176843951,0
26258675773,0
8184035019,0
6140682150,0
45361209895,0
43698219894,0
50792161271,0
49131702512,1
46339966382,0
51069059783,0
49841401881,0
36728161091,1
44663910152,1
51219582366,0
51169994504,0
51168521547,0
51169923824,0
50765344022,0
46979663735,0
50500080932,0
50854739346,0
44242507095,0
51184090571,0
46162175524,0
40090131485,0
50370497682,1
47760679782,0
40263227534,0
40932889702,0
40926423662,0
5948745797,0
47969566208,0
50720138641,1
50598149643,0
27124246009,0
24113767236,1
16510393288,0
35743646380,0
35669590702,0
26881561392,0
50866570906,1
8034728517,0
49426014398,0
48187599411,0
44995609125,0
8653936083,0
50793762561,0
30501118495,0
5285489399,0
16991341521,0
15550169311,0
15410500719,1
15367206380,0
49718959728,0
33440494880,1
50519243066,1
48827826046,1
41034163292,1
50521788448,0
49909632127,0
49760654362,1
50949106833,0
46497833474,0
22980991966,0
50148912541,0
50502114642,0
50353031271,0
48364048981,0
40583256603,0
25042184474,1
9716704371,0
48636660372,0
50422386178,0
50339316501,0
51020315262,0
48969444482,1
46314575821,0
27755945701,1
48968724023,0
50986263158,0
50822538141,0
14212616392,1
51217922975,0
49917749113,0
51217767655,0
35957901095,1
35569232250,1
48591331207,1
50623848996,1
46203623585,1
30069623862,1
29714282388,0
48384500712,0
45991700294,1
43664633194,0
50697588463,1
9594651375,1
26761549267,0
40482259211,0
48519478517,0
50585082532,0
50433829828,1
50433829163,0
49471139551,0
48639757717,0
48034839843,0
33662965808,0
47415344642,0
47373394961,0
44042091682,0
50259568448,0
50452585691,0
49767556716,0
49744148168,1
49874527488,0
49707211441,0
48667217011,0
34240286444,0
35740057383,0
35043365276,0
49996318983,0
49086752987,0
48481392671,0
25746265538,0
35216941486,1
40675572135,0
35211056020,0
22576383994,0
13439176005,0
8677555327,0
9014156246,0
8677711228,0
8677707632,0
8657456300,0
8622733200,0
8435041308,0
8368730265,0
7868015814,1
7530630672,0
7828518224,0
6962998516,0
6787952552,0
5858075236,0
6240630173,0
6097101769,0
6033717823,0
50323220011,0
49737926743,0
49384107848,0
48635684906,0
32684499227,0
40595605943,0
45999024435,0
47808099392,0
40847567581,0
37120158504,0
38667819912,0
46399008684,0
29965870047,0
46421735674,0
49840324008,0
51175441603,1
51055967011,0
50999124383,1
50754846336,1
50700721672,1
49906660008,1
49650552702,1
49532741481,1
49215368932,0
48853099782,1
48823775668,1
46983648094,1
47209103182,1
43312828390,1
29407536148,1
51046016826,1
50782157356,1
50643762218,1
50258969288,1
50259625916,1
49826934578,1
49618693487,1
49535506468,1
49500205351,1
49499704478,1
49355407777,1
49048497997,1
48664323207,1
50466736687,1
51179668501,1
51102708376,1
28393395909,0
28968230071,1
26455450492,0
49796363841,0
49026445346,0
48832915436,0
45862505704,0
30912849978,0
51192551540,0
51191296782,0
49488683177,0
49487978233,0
49456073898,0
49574962316,0
49487990458,0
49488405291,0
49487852358,0
49488220171,0
49407916946,1
49217182651,0
49487765318,0
48845812376,0
48995934936,0
48995295863,0
48995975692,0
48995230273,0
15454281753,0
33307849798,0
46459470644,0
39754245303,1
45568345721,0
44638460985,0
44468461471,1
43413648504,0
43559286695,0
43344347694,0
41897914872,0
27068554547,0
50604085071,0
49966298496,1
47966127257,0
50599067543,0
49641177562,0
49855746278,1
49768978956,0
49444484891,0
49266006063,0
49250068912,0
49245624721,0
49231746096,0
48850336787,0
48466181307,0
48407026396,0
48372574456,0
48121796782,0
48100200153,0
48057580041,0
50929961953,0
50621213668,0
46726918914,1
46500198804,0
48854976528,0
48138250961,0
7861549218,0
51148013583,1
49677201102,1
49675743626,1
8711838105,0
30922880937,0
26601051996,0
21917725526,0
49102273918,0
48985800721,0
48988432246,0
48388113012,0
48322935136,0
48007711893,0
46862997485,1
46791028235,0
46541013815,0
46054650865,0
39996048013,0
31482326757,0
46357899342,0
45495174815,0
44881421744,1
45848828341,1
45733290021,0
44971697514,1
44771677335,0
44809081684,0
31280764678,0
31178308688,1
30070105487,1
44285714424,1
43180184070,1
44948251851,0
42301965130,1
44050954541,0
42438076545,0
42082320875,1
42644335551,1
28356277188,0
45244230264,0
49364810046,0
48114125023,1
49552816021,0
49488360146,0
49455711708,1
48995395993,0
48594280637,0
48995636086,0
46309116815,1
40434642195,0
26682115147,0
50955429138,1
40681785122,0
16966060686,0
25332181246,0
50720400046,0
48678940882,0
39908219994,0
24251835406,0
23081128540,0
49421670722,0
50711879243,0
50849453531,0
32588311847,0
27073779859,0
30207520601,0
35714218221,0
18146401246,0
49752402387,0
24690598467,0
14121230978,0
49196260901,1
48714458767,0
48531223886,1
39198909490,1
49360055428,1
46769074545,1
50281036778,0
27853291309,0
33472529126,0
31513277735,0
51142387781,0
51143346427,0
51136662072,1
51134435592,1
51135127863,1
50706646196,1
42173814231,0
35857954286,0
49251892138,0
50086794767,0
49999204263,0
50021649293,0
49825491836,0
49754901977,0
30066397312,0
15405970549,0
10802197565,0
51153084320,0
51142870132,1
51137327248,0
51135298289,1
48723320438,1
44188073420,0
45229380644,0
45851243962,0
44046613462,0
39216302775,0
24842094122,0
15336956486,0
12506143363,0
17172279027,0
13992196041,0
50188882227,0
41965604372,0
28720426094,0
39198749011,0
14458211298,0
37325440652,0
19480801115,0
51158902233,0
51034604831,0
50711753378,0
50712466291,0
50573835088,0
50527053271,0
50527173377,0
50499670916,0
50440377747,0
50366054467,0
50365155933,0
50340173731,0
50081480496,0
50021136951,0
50073444736,0
51034692667,0
50918637531,0
50314551517,0
49393828898,0
50959115937,0
50381500397,0
49611125318,0
49107153046,0
51037391313,0
48064409436,1
50015710117,0
50725971143,0
49276942306,0
49036107866,0
31703834398,0
49974936107,0
48764028103,1
51115040221,0
33886224548,0
50441790693,0
49234661658,0
50368211217,0
48773726918,0
47643496441,0
50899827086,0
51093160729,0
33671446048,0
51162087368,0
51029596231,0
50499079883,0
49108534948,0
49327838063,1
50373415863,0
50795223497,0
49993170192,0
51202420490,0
48856652573,0
48831713318,0
46863968324,0
49041299063,0
49465355863,0
49920959491,0
50332424402,0
51186584884,0
47952976113,0
50816373566,0
50967964137,1
50583669162,1
50686853457,0
49761341541,0
48963448016,0
51125402135,0
50894741186,0
50753140131,0
49834471323,0
49773727333,0
51160968264,0
51062365376,0
50632587372,0
50251934296,0
51069962653,0
49805699752,0
50914089113,1
50885768563,0
51066552883,0
50349712081,0
50026822856,0
49949723923,0
49890312687,0
49588455688,0
48704658042,0
48521100801,0
50979030297,0
50895905328,0
50522539072,0
48791620903,1
49079401807,0
41504964370,0
50913651942,0
50913856523,0
49975617718,0
50503890037,0
50090201817,0
50088664503,0
50019045377,0
49979382668,0
50142360047,0
36018445980,0
35286302936,0
33556587631,0
28318223144,0
28318148474,0
28866573956,0
26165388546,0
10707237203,0
50599463641,0
50292629321,0
50333315236,0
49188094827,0
49636077287,0
49042618012,0
48261797281,0
48199745152,0
47969680998,0
51010575491,0
50813537971,0
48128135608,0
48025145313,0
50961778548,0
49713736093,0
49917420566,0
49916892298,0
49839508623,0
49042412717,0
42641943554,0
47324996391,0
47070615541,0
48856057607,0
48813214703,0
26590704660,0
50815138938,0
17754448070,0
49410011901,0
50820590811,0
50336451487,0
51120551899,0
33414537233,0
33306400816,0
11344764075,0
11343903736,0
50268326327,0
50122463281,0
49913601566,0
49483617888,0
49092133513,0
48841430446,1
49937327996,0
14566604204,0
15263587532,0
46038949132,0
20384891052,0
6849679037,0
32498911932,0
42495051581,0
32652353435,1
50082739312,1
9200356261,0
39886317640,0
7273021382,0
13074937884,0
27790424054,1
48139345811,0
47956057751,0
32371964957,1
42607207654,0
39271147870,0
31633393815,0
29213820273,0
21753961184,0
24809522111,0
17976727512,0
49541559037,0
20038190764,0
31522255394,0
10936744505,0
24738517789,0
49586251522,0
40310847213,0
12572360524,0
44991789694,0
15503337841,0
25217070357,0
50731101057,0
41530769884,0
49233127507,0
47426699432,1
33731687961,0
47473258872,1
45996728384,0
24682244594,0
31377031594,0
19223191050,0
32116531488,0
37619517772,0
33965899356,0
15644836356,0
10560439084,0
31753106277,0
35798395421,0
14627291241,0
47955459337,0
37396788531,0
28147628698,0
34883029801,0
27086093948,0
40186794175,0
39073941905,0
27781438318,0
14747963362,0
14077467932,0
8147740887,0
7825739222,0
30034295148,0
27719071419,0
10742233915,0
22552790379,0
16128414077,0
6711588591,0
16038848241,0
47902141901,0
8571536634,0
7156338384,1
49917265686,0
47805853631,0
47967409376,1
8747929869,0
6056684436,0
50670388808,0
49871248493,0
51096051877,0
27245722942,0
18390777950,0
8572585042,1
38833160501,0
50732557628,0
14093750127,0
49545129786,0
26971199141,0
19703935060,0
17448116455,0
16796094734,0
26429620870,0
24942042398,0
36938002740,0
26959808699,0
36603882573,0
22477025123,0
49367466083,0
49666160667,0
30922899927,0
30922803187,0
19406698535,0
20065989099,0
19631591943,0
10798167965,0
14178504562,1
50594624051,0
50684914463,1
18165551130,0
15167345717,0
34377910366,0
30097748738,0
20680534695,1
20059568813,0
48112012163,0
40941437050,0
25324045307,0
36345919195,0
28515632141,0
15563572917,0
14961672021,0
37876573052,0
34064127494,0
28987711746,0
18012034618,0
35319851071,0
27631554642,0
17530706742,0
19499737106,0
48677905593,0
50016897787,0
28960261573,0
41878259861,0
28137307318,0
25943347937,0
39919525575,0
35886895852,0
43750786834,0
32607469276,0
18223597756,0
18809773366,0
17970993815,0
50870267973,0
7185621059,0
43714095221,0
42734325105,0
51198815741,0
50656111223,0
50139611077,0
50799737241,0
50812085506,0
50661906698,1
50519570013,0
50401367126,1
49454383786,1
40241299872,0
28406799354,0
49800554183,0
50870406151,0
50236268723,0
49546037131,0
41264744912,0
39057565132,0
49658473126,0
50277447141,0
49274017332,0
49178542391,0
48464152801,0
32289345047,0
46166491304,0
50929623351,0
49244531946,0
49414730983,0
50950928896,0
49684828958,0
50194251083,0
50406126996,0
50176509976,0
47992740153,0
48247791832,0
47654963321,0
32456969437,0
47261078722,0
47164960761,0
33240838218,1
49095889551,0
51061369897,0
49551802143,0
32712522897,0
35525181564,0
24514946318,0
33997084453,0
50988080352,0
50586697073,0
51080627777,0
51080532906,0
49946193353,0
51146727209,0
50693115253,0
50693113233,0
50650968833,0
50408975746,0
50408978981,1
49072506532,0
49794598983,0
51070333261,0
50350610763,0
51011504108,0
50607307523,1
48108816538,0
30357491398,0
49810949627,0
50646798921,1
50694735841,0
49631944102,0
49761425791,0
50004544621,0
43830339314,0
50791146382,0
50710576957,0
50699397022,0
31430524134,0
51162706169,0
49730953443,0
49498587456,0
48915263817,0
50943287678,0
50617850838,0
50561032152,0
50635024706,0
50508714068,0
50993221437,0
32113353897,0
28811153917,0
51216366169,0
50450255352,0
50037277036,0
49927055282,0
51159861817,0
49442452578,0
48603515447,0
51125257672,0
50820267108,0
49533282448,0
50937207998,0
50328889836,0
47510424501,0
39794567225,0
50415472102,0
49567222122,0
49570760283,0
50866403768,0
50012035892,0
49680758552,0
50352383433,0
50815405606,0
50793633718,0
50174217312,0
49711893328,0
49668204443,1
32509384478,0
49914225637,0
49550313631,0
49343023073,0
49772533607,0
48031282358,0
41485722654,0
50567882258,0
49601863788,0
50667612733,0
50353054026,0
49592263573,0
48799351641,0
49321041546,0
49315862206,0
47272948511,0
50638828746,0
51195729645,0
51137572664,0
51130723290,0
51006441491,0
50789435118,1
50730224646,0
50354570757,0
50354569152,0
50329971503,0
50043136057,0
49984864251,0
49960842767,0
49959192222,0
49989887916,0
49510444547,0
49525508452,0
49566801907,0
51058113782,0
51000579452,0
51193056933,0
51125483529,0
50813484286,0
50253633092,0
49720533243,0
50263114282,0
50026413382,0
50593150501,0
50363304522,0
50277365203,0
49975865923,0
50332373722,0
50231621882,0
41184174824,0
50444280183,0
50193822726,0
50095056871,0
49753478853,0
49827258083,0
50780417843,0
49946993613,0
37530194342,0
50011919981,0
49820959962,0
27634832641,0
49677628991,0
50762086577,0
50419322101,0
50238140366,0
49664302438,0
49414660388,0
50241847677,0
50834806267,0
50710179336,0
50682783832,0
50394223731,0
51040111006,0
49955059221,0
49954544778,0
47705667841,0
28285079368,0
25011374598,0
33303641294,0
32210107733,0
49495048167,1
49288740423,0
50513699986,0
47987663561,0
27646389229,0
49866125621,0
50538768337,0
50369037047,0
51020584618,0
50774646126,0
50169620328,0
51016117618,0
50800604257,0
50532054103,0
49955262952,0
50995903552,0
49851870568,0
49431064998,0
48790540361,0
42037703190,0
48891168916,0
34016040391,0
49719593541,0
50101966928,0
51021737717,0
51128380906,0
49398575323,0
40629930603,0
50041521251,0
50978866421,1
50407731187,0
50285440966,0
49913699831,0
49953892242,0
51050630118,0
50752469332,0
50850610971,0
50334962672,0
50303276158,0
50300358221,1
50295407587,1
50171252217,1
50234265913,0
50074928702,0
51205614034,0
50252178257,1
49946639076,0
51116286986,1
50765880443,0
51051526938,0
50529740928,0
49896760887,0
49024278527,0
49196229738,0
49188742018,0
48034981663,0
46036440695,0
45548734795,0
50427308418,0
50549565418,0
28725611725,0
50135115186,0
49209224222,0
49209004771,0
50039888078,1
